model,paradigm,n,d,variant,delta_max,delta_max_std
i21k_t,Supervised,1000,192,real,0.12294791897025936,0.003483978061760966
i21k_t,Supervised,1000,192,gauss,0.10383773048619953,0.003106933787937088
i21k_t,Supervised,1000,192,sphere,0.11230955378450398,0.004213542135028565
i21k_t,Supervised,1000,192,whitened,0.08179377511800896,0.007185609162444542
i21k_t,Supervised,1000,192,l2_chord,0.14727781510248553,0.006048416786623368
i21k_t,Supervised,1000,192,l2_geodesic,0.16424031555652618,0.007437447085976601
i21k_t,Supervised,1000,192,shufcoord,0.14004756079576136,0.007072031510254423
i21k_t,Supervised,1000,192,grp_wordnet,0.14598385141187148,0.003603345821887891
i21k_t,Supervised,1000,192,grp_random,0.1594702017609076,0.003738298455716335
i21k_t,Supervised,1000,192,cls_random100,0.14504651506526406,0.003822403003734004
i21k_s,Supervised,1000,384,real,0.10425233655119796,0.010281968866561304
i21k_s,Supervised,1000,384,gauss,0.08123805180704702,0.003737401876795263
i21k_s,Supervised,1000,384,sphere,0.08715023053613043,0.005034072744254588
i21k_s,Supervised,1000,384,whitened,0.0692920835489689,0.0061953345603898
i21k_s,Supervised,1000,384,l2_chord,0.1171873713924632,0.006539975388999285
i21k_s,Supervised,1000,384,l2_geodesic,0.12679336965084076,0.008801369927823544
i21k_s,Supervised,1000,384,shufcoord,0.106568384757349,0.005091262376927427
i21k_s,Supervised,1000,384,grp_wordnet,0.11032486720812533,0.004026874544292148
i21k_s,Supervised,1000,384,grp_random,0.1297979549670519,0.007013910539104355
i21k_s,Supervised,1000,384,cls_random100,0.10041508768468543,0.005281849222842117
i21k_b,Supervised,1000,768,real,0.092236951199716,0.006193597173661872
i21k_b,Supervised,1000,768,gauss,0.06129660191534527,0.002314976710283877
i21k_b,Supervised,1000,768,sphere,0.06543179547407021,0.002822320965577449
i21k_b,Supervised,1000,768,whitened,0.0404366797825813,0.006224570433133007
i21k_b,Supervised,1000,768,l2_chord,0.10217859468994435,0.005605029378170395
i21k_b,Supervised,1000,768,l2_geodesic,0.10905567556619644,0.004986364394426346
i21k_b,Supervised,1000,768,shufcoord,0.09993895705282482,0.004101481615221755
i21k_b,Supervised,1000,768,grp_wordnet,0.09235869728102808,0.001921293811467876
i21k_b,Supervised,1000,768,grp_random,0.12009155698006557,0.0031692668885000093
i21k_b,Supervised,1000,768,cls_random100,0.08739882879901921,0.0019476536649344204
i21k_l,Supervised,1000,1024,real,0.0842537907539591,0.003356678076345526
i21k_l,Supervised,1000,1024,gauss,0.0548860379455315,0.004534545953850686
i21k_l,Supervised,1000,1024,sphere,0.056358864135728784,0.0032828944089775443
i21k_l,Supervised,1000,1024,whitened,3.1843029941094343e-09,2.4221392658344025e-10
i21k_l,Supervised,1000,1024,l2_chord,0.09972755679831916,0.006523764866096176
i21k_l,Supervised,1000,1024,l2_geodesic,0.10728111118078232,0.006623432505875826
i21k_l,Supervised,1000,1024,shufcoord,0.10272507965008323,0.004611920168039885
i21k_l,Supervised,1000,1024,grp_wordnet,0.10423715385627826,0.003268620675567885
i21k_l,Supervised,1000,1024,grp_random,0.11730000449394491,0.0036201549395026614
i21k_l,Supervised,1000,1024,cls_random100,0.08650804373933772,0.003414847377997557
dinov1_b,SSL,1000,768,real,0.10907397644615376,0.0030609109547355103
dinov1_b,SSL,1000,768,gauss,0.06129660191534527,0.002314976710283877
dinov1_b,SSL,1000,768,sphere,0.06543179547407021,0.002822320965577449
dinov1_b,SSL,1000,768,whitened,0.04664045289643461,0.009779943543958726
dinov1_b,SSL,1000,768,l2_chord,0.1369906834204536,0.007340329155590028
dinov1_b,SSL,1000,768,l2_geodesic,0.15193870663642883,0.00822912622243166
dinov1_b,SSL,1000,768,shufcoord,0.08208209354612281,0.00310572358967695
dinov1_b,SSL,1000,768,grp_wordnet,0.08350591977775533,0.0035433103618364254
dinov1_b,SSL,1000,768,grp_random,0.1168268839381025,0.004067096543006557
dinov1_b,SSL,1000,768,cls_random100,0.0950400969080603,0.005193525807369602
dinov2_s,SSL,1000,384,real,0.11934023713553761,0.010010055187258783
dinov2_s,SSL,1000,384,gauss,0.08123805180704702,0.003737401876795263
dinov2_s,SSL,1000,384,sphere,0.08715023053613043,0.005034072744254588
dinov2_s,SSL,1000,384,whitened,0.07114418146473589,0.004093131024363034
dinov2_s,SSL,1000,384,l2_chord,0.13944329209656856,0.012586317343897924
dinov2_s,SSL,1000,384,l2_geodesic,0.15925179421901703,0.018196795135736465
dinov2_s,SSL,1000,384,shufcoord,0.0815090993073027,0.0034573469217222146
dinov2_s,SSL,1000,384,grp_wordnet,0.07726398175704727,0.0023383443530767324
dinov2_s,SSL,1000,384,grp_random,0.10047862342795025,0.0033349439159986393
dinov2_s,SSL,1000,384,cls_random100,0.11740636533062998,0.010061755270739782
dinov2_b,SSL,1000,768,real,0.09609312291691063,0.01010475682590284
dinov2_b,SSL,1000,768,gauss,0.06129660191534527,0.002314976710283877
dinov2_b,SSL,1000,768,sphere,0.06543179547407021,0.002822320965577449
dinov2_b,SSL,1000,768,whitened,0.04867750514106396,0.012911444330665295
dinov2_b,SSL,1000,768,l2_chord,0.12018877157220068,0.00832560975893027
dinov2_b,SSL,1000,768,l2_geodesic,0.13598933815956116,0.014455522410571575
dinov2_b,SSL,1000,768,shufcoord,0.06243283341631637,0.00309924248789592
dinov2_b,SSL,1000,768,grp_wordnet,0.0682275712951893,0.0020672477817988226
dinov2_b,SSL,1000,768,grp_random,0.06945668948553538,0.00253683008971772
dinov2_b,SSL,1000,768,cls_random100,0.09682780603993887,0.0045114314584089555
dinov2_l,SSL,1000,1024,real,0.06707243551446997,0.013010494749811322
dinov2_l,SSL,1000,1024,gauss,0.0548860379455315,0.004534545953850686
dinov2_l,SSL,1000,1024,sphere,0.056358864135728784,0.0032828944089775443
dinov2_l,SSL,1000,1024,whitened,3.450411047785359e-09,2.114058836714337e-10
dinov2_l,SSL,1000,1024,l2_chord,0.09623726976447687,0.011482208753549215
dinov2_l,SSL,1000,1024,l2_geodesic,0.10618384927511215,0.010033016093075275
dinov2_l,SSL,1000,1024,shufcoord,0.05371775331798839,0.002167041811318799
dinov2_l,SSL,1000,1024,grp_wordnet,0.05995061575815243,0.003331374970269678
dinov2_l,SSL,1000,1024,grp_random,0.057916837530617604,0.0019436636719387505
dinov2_l,SSL,1000,1024,cls_random100,0.05161170563696125,0.0026314287097731195
dinov2_g,SSL,1000,1536,real,0.080310193643202,0.00731793959984157
dinov2_g,SSL,1000,1536,gauss,0.04573940277688114,0.0019514792608189228
dinov2_g,SSL,1000,1536,sphere,0.047271331236493006,0.001837867358131558
dinov2_g,SSL,1000,1536,whitened,8.608963069044907e-09,2.701818367825244e-10
dinov2_g,SSL,1000,1536,l2_chord,0.09836816162561161,0.010730228013666484
dinov2_g,SSL,1000,1536,l2_geodesic,0.10620144754648209,0.004511934705078602
dinov2_g,SSL,1000,1536,shufcoord,0.04554163666907618,0.001691257599719922
dinov2_g,SSL,1000,1536,grp_wordnet,0.05439482086484394,0.0017623535038052498
dinov2_g,SSL,1000,1536,grp_random,0.05623756377956438,0.002518574918586113
dinov2_g,SSL,1000,1536,cls_random100,0.07557107067486077,0.007047390375764322
clip_b,Contrastive,1000,512,real,0.12182197580918697,0.0037969401405856143
clip_b,Contrastive,1000,512,gauss,0.07376468533229993,0.00384753445102169
clip_b,Contrastive,1000,512,sphere,0.07620066029383496,0.0037718947738196525
clip_b,Contrastive,1000,512,whitened,0.06027370375536156,0.0066368566100492975
clip_b,Contrastive,1000,512,l2_chord,0.12096970669377083,0.003469079925685078
clip_b,Contrastive,1000,512,l2_geodesic,0.12280454486608505,0.0037675173953175545
clip_b,Contrastive,1000,512,shufcoord,0.09609117255378148,0.004476373170470056
clip_b,Contrastive,1000,512,grp_wordnet,0.12572762699084092,0.0054294540977649405
clip_b,Contrastive,1000,512,grp_random,0.17421573942625904,0.007781480433937385
clip_b,Contrastive,1000,512,cls_random100,0.12774087780165536,0.002763190969735544
clip_l,Contrastive,1000,768,real,0.11797463893929158,0.005085736507342754
clip_l,Contrastive,1000,768,gauss,0.06129660191534527,0.002314976710283877
clip_l,Contrastive,1000,768,sphere,0.06543179547407021,0.002822320965577449
clip_l,Contrastive,1000,768,whitened,0.04449096950372143,0.00708703349838638
clip_l,Contrastive,1000,768,l2_chord,0.11664223701527851,0.005853350935499191
clip_l,Contrastive,1000,768,l2_geodesic,0.11866746097803116,0.006170698907226324
clip_l,Contrastive,1000,768,shufcoord,0.0732588412546368,0.004182142020992729
clip_l,Contrastive,1000,768,grp_wordnet,0.1170777369274066,0.003786808577255938
clip_l,Contrastive,1000,768,grp_random,0.16181357806703228,0.004925564842150682
clip_l,Contrastive,1000,768,cls_random100,0.11988469017061618,0.0035720368923928937
siglip_b,Contrastive,1000,768,real,0.11547823498516958,0.006815697976247283
siglip_b,Contrastive,1000,768,gauss,0.06129660191534527,0.002314976710283877
siglip_b,Contrastive,1000,768,sphere,0.06543179547407021,0.002822320965577449
siglip_b,Contrastive,1000,768,whitened,0.0408016319065743,0.003913808762164664
siglip_b,Contrastive,1000,768,l2_chord,0.11766980409131311,0.0038737171264759942
siglip_b,Contrastive,1000,768,l2_geodesic,0.12155107408761978,0.004130660090595484
siglip_b,Contrastive,1000,768,shufcoord,0.08633664305370481,0.004527323903124334
siglip_b,Contrastive,1000,768,grp_wordnet,0.11826515175066787,0.0042282674227366104
siglip_b,Contrastive,1000,768,grp_random,0.15821605967023908,0.003692565164432269
siglip_b,Contrastive,1000,768,cls_random100,0.12782608670117543,0.0045715316049514685
