model,frame,partition,s,seed,kind,n,d,hub_rms,ratio,excessB_real,excessB_star,excessB_star_sd,depth,z,time_s,delta_999,delta_sd,null_mean,null_sd,excess,r_above,p_left
dinov2_l,wn30,real,real,0,depth,1000,1024,17.967090606689453,3.8770668506622314,-0.027416917077409356,0.0003011612908869504,0.005032419098367549,-0.027718078368296307,-2.3878543686819467,135.00291681289673,,,,,,,
dinov2_l,wn30,rand6,0.0,0,depth,1000,1024,17.967090606689453,1.720115065574646,0.0011978276039696506,0.00028110348922952136,0.0050072261267412104,0.0009167241147401292,0.10805792243067727,131.99782276153564,,,,,,,
dinov2_l,wn30,rand6,0.0,1,depth,1000,1024,17.967090606689453,1.7267966270446777,0.0007681144415474517,0.00030116167088980463,0.005032419207461789,0.00046695277065764704,0.05267807216613067,127.99954867362976,,,,,,,
dinov2_l,wn30,rand6,0.0,2,depth,1000,1024,17.967090606689453,1.736767292022705,0.0030292299061416283,0.000301160962659297,0.005032419191293016,0.0027280689434823315,0.3217837420960028,128.2347228527069,,,,,,,
dinov2_l,wn30,rand6,0.0,3,depth,1000,1024,17.967090606689453,1.73231041431427,0.0005217220652831145,0.00030116136439713447,0.0050324188156363565,0.00022056070088598002,0.02522876998753936,125.48137617111206,,,,,,,
dinov2_l,wn30,rand6,0.0,4,depth,1000,1024,17.967090606689453,1.7214192152023315,0.0016509844536940488,0.00030116097578327674,0.0050324181566583715,0.0013498234779107721,0.1547821379425204,132.5289328098297,,,,,,,
dinov2_l,wn30,rand6,0.25,0,depth,1000,1024,17.967090606689453,1.73482346534729,0.0006583008833181553,0.0002811036180818474,0.0050072254824348895,0.00037719726523630787,0.0439785450213214,129.5656144618988,,,,,,,
dinov2_l,wn30,rand6,0.25,1,depth,1000,1024,17.967090606689453,1.7444413900375366,0.0009272613146300013,0.00028110329011418327,0.005007227067687458,0.000646158024515818,0.07499716316052826,129.75593400001526,,,,,,,
dinov2_l,wn30,rand6,0.25,2,depth,1000,1024,17.967090606689453,1.762831449508667,0.002283829099464299,0.0003011612611648354,0.005032419248112543,0.0019826678382994637,0.22651315007034498,127.72813963890076,,,,,,,
dinov2_l,wn30,rand6,0.25,3,depth,1000,1024,17.967090606689453,1.7374470233917236,0.0009992174534873416,0.0003011607712680331,0.005032418436020994,0.0006980566822193085,0.08060525206853093,133.96549105644226,,,,,,,
dinov2_l,wn30,rand6,0.25,4,depth,1000,1024,17.967090606689453,1.7462588548660278,0.00180221455177354,0.0002811037851347481,0.0050072267977543895,0.001521110766638792,0.17067786521477463,125.97629141807556,,,,,,,
dinov2_l,wn30,rand6,0.5,0,depth,1000,1024,17.967092514038086,1.784764051437378,0.005017257149811813,0.0002811040165729764,0.0050072260375995156,0.0047361531332388365,0.4222336821088056,129.57241010665894,,,,,,,
dinov2_l,wn30,rand6,0.5,1,depth,1000,1024,17.967090606689453,1.7377783060073853,0.0033449065498371566,0.0002811042204574427,0.0050072269550652995,0.003063802329379714,0.29842085917429473,133.51775693893433,,,,,,,
dinov2_l,wn30,rand6,0.5,2,depth,1000,1024,17.967090606689453,1.7689299583435059,0.001318578598389561,0.0003011609821290423,0.005032419504636626,0.0010174176162605186,0.10069864322216371,124.06609439849854,,,,,,,
dinov2_l,wn30,rand6,0.5,3,depth,1000,1024,17.967090606689453,1.7699377536773682,0.0050551765725914966,0.000301161432377646,0.005032419312499839,0.00475401514021385,0.4177790611499831,123.3582124710083,,,,,,,
dinov2_l,wn30,rand6,0.5,4,depth,1000,1024,17.967090606689453,1.7616145610809326,0.0044449550930997506,0.00028110471671217443,0.005007224637509836,0.004163850376387576,0.4086488539291502,122.83671712875366,,,,,,,
dinov2_l,wn30,rand6,0.75,0,depth,1000,1024,17.967090606689453,1.777631402015686,0.011829564149203164,0.00028110291226759456,0.005007225970615981,0.01154846123693557,0.9984166639696709,121.0562891960144,,,,,,,
dinov2_l,wn30,rand6,0.75,1,depth,1000,1024,17.967092514038086,1.795270562171936,0.011913778435659661,0.00030116338906516216,0.005032418597771222,0.011612615046594499,0.9262263389975749,120.82322597503662,,,,,,,
dinov2_l,wn30,rand6,0.75,2,depth,1000,1024,17.967090606689453,1.7666677236557007,0.011422547350082274,0.00028110322024481327,0.005007226252802734,0.01114144412983746,0.9640658385646002,120.82893633842468,,,,,,,
dinov2_l,wn30,rand6,0.75,3,depth,1000,1024,17.967092514038086,1.7977888584136963,0.009377324301584458,0.0003011620939553664,0.005032418807303533,0.009076162207629091,0.7292116567332396,120.13627767562866,,,,,,,
dinov2_l,wn30,rand6,0.75,4,depth,1000,1024,17.967090606689453,1.7927616834640503,0.010239909224184315,0.0002811028864320747,0.005007225863203992,0.00995880633775224,0.7966011942786553,118.23566627502441,,,,,,,
dinov2_l,wn30,rand6,1.0,0,depth,1000,1024,17.967090606689453,1.8065859079360962,0.0022105853025565364,0.00028110416525721634,0.00500722688926349,0.0019294811372993202,0.2271903575775845,120.18676924705505,,,,,,,
dinov2_l,wn30,rand6,1.0,1,depth,1000,1024,17.967090606689453,1.8046644926071167,0.0004728702700629861,0.0003011613216800796,0.005032419063833759,0.0001717089483829065,0.019154378497646344,118.6859917640686,,,,,,,
dinov2_l,wn30,rand6,1.0,2,depth,1000,1024,17.967092514038086,1.800549864768982,0.004375745647259718,0.00030116023148369085,0.005032418444139777,0.004074585415776028,0.4535907431182324,119.57295966148376,,,,,,,
dinov2_l,wn30,rand6,1.0,3,depth,1000,1024,17.967092514038086,1.7946290969848633,0.0018506430626476222,0.00030116133640697984,0.005032419636252739,0.0015494817262406424,0.17569008709598113,114.26768207550049,,,,,,,
dinov2_l,wn30,rand6,1.0,4,depth,1000,1024,17.967092514038086,1.8056820631027222,0.0012642650243984976,0.00028110468363853474,0.005007225212435591,0.0009831603407599628,0.10292587736298921,118.88004493713379,,,,,,,
dinov2_l,wn30,rand6,0.0,0,census,1000,1024,17.967090606689453,1.720115065574646,,,,,,760.0685811042786,0.035308728615432036,0.0002652100185341151,0.06387848322965396,0.0027092138270063512,-0.028569754614221926,200.0,0.004975124378109453
dinov2_l,wn30,rand6,0.25,0,census,1000,1024,17.967090606689453,1.73482346534729,,,,,,760.0657987594604,0.03497215548392179,0.00023949068022105464,0.06452499402162865,0.0025667748819118877,-0.029552838537706856,200.0,0.004975124378109453
dinov2_l,wn30,rand6,0.5,0,census,1000,1024,17.967092514038086,1.784764051437378,,,,,,760.8664169311523,0.03614819280310318,0.00013642053649171593,0.06390817265381842,0.0024437517736840783,-0.02775997985071524,200.0,0.004975124378109453
dinov2_l,wn30,rand6,0.75,0,census,1000,1024,17.967090606689453,1.777631402015686,,,,,,785.3791861534119,0.035737898028754746,0.00020409435013361068,0.06327712460201981,0.0028829230667931564,-0.027539226573265067,200.0,0.004975124378109453
dinov2_l,wn30,rand6,1.0,0,census,1000,1024,17.967090606689453,1.8065859079360962,,,,,,798.7585003376007,0.0352244077992805,0.00018203010957974043,0.06591848526246792,0.003085512642860159,-0.03069407746318742,200.0,0.004975124378109453
dinov2_l,wn30,tight06,real,0,depth,1000,1024,17.967090606689453,0.6000000238418579,-0.11035033811696573,-0.049011580095448225,0.0040998385547170516,-0.06133875802151751,-6.1292073017876065,122.81207776069641,,,,,,,
dinov2_l,wn30,rand6_t06,0.0,0,depth,1000,1024,17.967090606689453,0.26619836688041687,-0.04452600869949752,-0.04900395158784705,0.004010080070504033,0.0044779428883495315,0.38109135329724886,124.22562408447266,,,,,,,
dinov2_l,wn30,rand6_t06,0.0,1,depth,1000,1024,17.967090606689453,0.26723238825798035,-0.04871542120951143,-0.049089169357177734,0.0040569284889634,0.00037374814766630293,0.0321993617162153,124.18309473991394,,,,,,,
dinov2_l,wn30,rand6_t06,0.5,0,depth,1000,1024,17.967090606689453,0.2762032151222229,-0.07277281368307448,-0.0490951914699628,0.004066282590538388,-0.023677622213111676,-2.5751144774036088,122.73626232147217,,,,,,,
dinov2_l,wn30,rand6_t06,0.5,1,depth,1000,1024,17.967090606689453,0.26893189549446106,-0.07564549952437964,-0.04899664284967149,0.004002204019017145,-0.02664885667470815,-2.7660603551636602,126.35000610351562,,,,,,,
dinov2_l,wn30,rand6_t06,1.0,0,depth,1000,1024,17.967090606689453,0.27958032488822937,-0.17481059611643412,-0.04900395231980761,0.0040100799747887494,-0.1258066437966265,-12.63993106671029,122.4320240020752,,,,,,,
dinov2_l,wn30,rand6_t06,1.0,1,depth,1000,1024,17.967090606689453,0.27928295731544495,-0.16694204460173256,-0.04902711050942184,0.004010494170622472,-0.11791493409231073,-10.153958789754528,123.64743566513062,,,,,,,
