model,kind,a,b,ari_cut,coph_corr,triplet_agree
i21k_b,boot_pair,0,1,0.9572980256930915,0.9468467328002237,0.908
i21k_b,boot_pair,0,2,0.96090225425392,0.9521728504668767,0.9215
i21k_b,boot_pair,0,3,0.9528892070196708,0.9285398283692539,0.8753
i21k_b,boot_pair,0,4,0.9508293521379205,0.9325229470185208,0.8836
i21k_b,boot_pair,0,5,0.9484084033111778,0.9344414176947569,0.8837
i21k_b,boot_pair,0,6,0.9488397589970422,0.9333588615583436,0.8788
i21k_b,boot_pair,0,7,0.9550046118941734,0.9512105277233909,0.8644
i21k_b,boot_pair,0,8,0.9561744073070985,0.9456131427758975,0.8781
i21k_b,boot_pair,0,9,0.9540614822694071,0.9320579161717287,0.8184
i21k_b,boot_pair,0,10,0.9373387955765916,0.9346438703936049,0.9037
i21k_b,boot_pair,0,11,0.9644632801384948,0.9579060248000485,0.9258
i21k_b,boot_pair,0,12,0.9507866994954851,0.9297921381621005,0.8174
i21k_b,boot_pair,0,13,0.9390387131329254,0.9457809117216691,0.9034
i21k_b,boot_pair,0,14,0.9456734468625109,0.9262536119735332,0.8714
i21k_b,boot_pair,0,15,0.9577325313427698,0.9147789121243566,0.778
i21k_b,boot_pair,0,16,0.9281058502986842,0.9354752026565089,0.8922
i21k_b,boot_pair,0,17,0.9541570785528252,0.9391436606729351,0.8362
i21k_b,boot_pair,0,18,0.9481489916513963,0.9479214650455123,0.8511
i21k_b,boot_pair,0,19,0.9312908636566675,0.9254689565285873,0.8171
i21k_b,boot_pair,0,20,0.9286488593051362,0.9393619756056453,0.8754
i21k_b,boot_pair,0,21,0.9550767016753989,0.9554685598242757,0.8732
i21k_b,boot_pair,0,22,0.9570948377835115,0.9479726288909759,0.9013
i21k_b,boot_pair,0,23,0.9538132938089743,0.9487734165230353,0.9098
i21k_b,boot_pair,0,24,0.9318746719896419,0.9328559731067833,0.8814
i21k_b,boot_pair,0,25,0.9649922051989368,0.945803671710746,0.8554
i21k_b,boot_pair,0,26,0.9425080934435478,0.9484433110763928,0.851
i21k_b,boot_pair,0,27,0.9454179239823653,0.9496863046429762,0.8678
i21k_b,boot_pair,0,28,0.94520164485451,0.9422855172453051,0.9037
i21k_b,boot_pair,0,29,0.946599031477557,0.9457686677725384,0.9145
i21k_b,boot_pair,1,2,0.9671062530574182,0.9680434379648812,0.9423
i21k_b,boot_pair,1,3,0.9453447561710726,0.9194732903973203,0.867
i21k_b,boot_pair,1,4,0.9527301816318513,0.9408556454082617,0.889
i21k_b,boot_pair,1,5,0.9447467980986016,0.9416919378738964,0.8999
i21k_b,boot_pair,1,6,0.9600908812691877,0.9377797946755989,0.8789
i21k_b,boot_pair,1,7,0.9559543647406462,0.9619363878129521,0.8849
i21k_b,boot_pair,1,8,0.9496095020554562,0.931217802639845,0.8642
i21k_b,boot_pair,1,9,0.9560545548229633,0.9396600852822328,0.8398
i21k_b,boot_pair,1,10,0.9424074871992402,0.943468932857999,0.9101
i21k_b,boot_pair,1,11,0.970737218349373,0.9641938435481654,0.9363
i21k_b,boot_pair,1,12,0.9549804828248089,0.9280211809002561,0.82
i21k_b,boot_pair,1,13,0.9287445969804956,0.9605286356139647,0.936
i21k_b,boot_pair,1,14,0.9530220728960195,0.9278709861401129,0.8667
i21k_b,boot_pair,1,15,0.9601574847837068,0.922968278869658,0.8007
i21k_b,boot_pair,1,16,0.9322463525906157,0.9603556951512848,0.9284
i21k_b,boot_pair,1,17,0.9646815936314153,0.9592390748086885,0.8627
i21k_b,boot_pair,1,18,0.9500774330884786,0.9449510939318649,0.8523
i21k_b,boot_pair,1,19,0.9549245750292068,0.9495942292544225,0.8645
i21k_b,boot_pair,1,20,0.9381986368222609,0.9307011144172187,0.8663
i21k_b,boot_pair,1,21,0.9526251287130253,0.939504229767481,0.8482
i21k_b,boot_pair,1,22,0.9531093896124582,0.9579697387980319,0.9274
i21k_b,boot_pair,1,23,0.9493948954422939,0.9703376543857941,0.9458
i21k_b,boot_pair,1,24,0.9330873647117949,0.9344551334903565,0.8938
i21k_b,boot_pair,1,25,0.9538948839271028,0.9433867241248098,0.8559
i21k_b,boot_pair,1,26,0.9544905839327106,0.9659143869075107,0.8824
i21k_b,boot_pair,1,27,0.9403051942229279,0.9445844264897898,0.8527
i21k_b,boot_pair,1,28,0.9361646479698319,0.9418661812658272,0.8954
i21k_b,boot_pair,1,29,0.9505915058766212,0.9575426678255411,0.9242
i21k_b,boot_pair,2,3,0.9427423975400723,0.930322768963115,0.875
i21k_b,boot_pair,2,4,0.9556322652849424,0.942809096868006,0.9076
i21k_b,boot_pair,2,5,0.9414220209830428,0.9374802919551734,0.8861
i21k_b,boot_pair,2,6,0.950202359827069,0.9307311971871638,0.8771
i21k_b,boot_pair,2,7,0.9417225670947807,0.9562113455311015,0.8727
i21k_b,boot_pair,2,8,0.9393982807613964,0.9274848113766252,0.8544
i21k_b,boot_pair,2,9,0.9575679680268954,0.9394383143045877,0.8428
i21k_b,boot_pair,2,10,0.9246775036386472,0.9312515262287436,0.8934
i21k_b,boot_pair,2,11,0.9554691879421708,0.9604484678962358,0.9184
i21k_b,boot_pair,2,12,0.9466747474391841,0.9313658443320105,0.817
i21k_b,boot_pair,2,13,0.9343310310670581,0.9615716338617116,0.9333
i21k_b,boot_pair,2,14,0.9539017935137162,0.9364906707290604,0.8828
i21k_b,boot_pair,2,15,0.945847564088459,0.9096430558589993,0.788
i21k_b,boot_pair,2,16,0.9213525299533993,0.9558021816142611,0.9323
i21k_b,boot_pair,2,17,0.9597695060156278,0.9579270858379481,0.8584
i21k_b,boot_pair,2,18,0.9438300938772693,0.9398565582210144,0.8427
i21k_b,boot_pair,2,19,0.9522156202040382,0.9403867831064874,0.8487
i21k_b,boot_pair,2,20,0.9275119395276819,0.9328642336687255,0.8742
i21k_b,boot_pair,2,21,0.9426093174666093,0.9372458233528604,0.8399
i21k_b,boot_pair,2,22,0.9450901411037346,0.9575425240452363,0.9307
i21k_b,boot_pair,2,23,0.9405505972633239,0.9593208630312771,0.9316
i21k_b,boot_pair,2,24,0.9225551716545617,0.9358659590183402,0.8848
i21k_b,boot_pair,2,25,0.9509644837837578,0.9509092884846135,0.8596
i21k_b,boot_pair,2,26,0.9452755779704447,0.9662883094631931,0.8788
i21k_b,boot_pair,2,27,0.9484970558857752,0.9508535955401269,0.859
i21k_b,boot_pair,2,28,0.9463203538359579,0.9506755169231517,0.9142
i21k_b,boot_pair,2,29,0.9514670707919003,0.9528053557333469,0.9344
i21k_b,boot_pair,3,4,0.9356265872212333,0.9412145411632863,0.9007
i21k_b,boot_pair,3,5,0.9337897479113816,0.947309407975181,0.9276
i21k_b,boot_pair,3,6,0.938829729926452,0.9369682652175052,0.8852
i21k_b,boot_pair,3,7,0.9483426691825606,0.9349199516490067,0.8426
i21k_b,boot_pair,3,8,0.9473214582301203,0.9155507447185358,0.8074
i21k_b,boot_pair,3,9,0.9560018103271978,0.9643639052904737,0.8978
i21k_b,boot_pair,3,10,0.9344309419135283,0.9131529135573734,0.8631
i21k_b,boot_pair,3,11,0.9484923074554944,0.932497381872837,0.8981
i21k_b,boot_pair,3,12,0.9434318213325645,0.9482457989105463,0.8623
i21k_b,boot_pair,3,13,0.9353970852422888,0.9236811799143541,0.8747
i21k_b,boot_pair,3,14,0.9413395181835243,0.9550702501578716,0.9211
i21k_b,boot_pair,3,15,0.939819063620909,0.9152709999801679,0.7577
i21k_b,boot_pair,3,16,0.9238755033138033,0.921775774206141,0.8716
i21k_b,boot_pair,3,17,0.9484110502863159,0.9253167942376315,0.8356
i21k_b,boot_pair,3,18,0.9430216882148937,0.9237394613295796,0.8098
i21k_b,boot_pair,3,19,0.9336953798503149,0.9086172867133677,0.7912
i21k_b,boot_pair,3,20,0.9161499108239252,0.9410477886043551,0.8561
i21k_b,boot_pair,3,21,0.937991130122269,0.9151633831802012,0.7971
i21k_b,boot_pair,3,22,0.9404477259267164,0.9217725074298073,0.8488
i21k_b,boot_pair,3,23,0.945239405663112,0.9258703925780347,0.8846
i21k_b,boot_pair,3,24,0.9196998467987948,0.9583303172078086,0.9267
i21k_b,boot_pair,3,25,0.952978900167327,0.9245373721526956,0.8212
i21k_b,boot_pair,3,26,0.9376698345686194,0.9218902561328931,0.8186
i21k_b,boot_pair,3,27,0.9273071307328875,0.9183974537820854,0.8164
i21k_b,boot_pair,3,28,0.9342247605632049,0.9441000477198935,0.9068
i21k_b,boot_pair,3,29,0.9340407588438916,0.9225545736101877,0.856
i21k_b,boot_pair,4,5,0.9406605519620993,0.9554470217740951,0.9248
i21k_b,boot_pair,4,6,0.9457664283490838,0.9437160389686168,0.8957
i21k_b,boot_pair,4,7,0.9452358380964003,0.9420591603244718,0.8478
i21k_b,boot_pair,4,8,0.933032683802593,0.9185655725697325,0.8248
i21k_b,boot_pair,4,9,0.9499833506971243,0.9479668870735635,0.8556
i21k_b,boot_pair,4,10,0.9304176920332339,0.922278151050822,0.8762
i21k_b,boot_pair,4,11,0.9517275469005725,0.944008072108155,0.9002
i21k_b,boot_pair,4,12,0.9407767072625034,0.9388796413370867,0.842
i21k_b,boot_pair,4,13,0.9197859421405552,0.9278928799657017,0.8724
i21k_b,boot_pair,4,14,0.9419762562155082,0.9472686822927323,0.9178
i21k_b,boot_pair,4,15,0.9400398276385067,0.9220177159159085,0.7774
i21k_b,boot_pair,4,16,0.9224075246146953,0.9335386556540785,0.8983
i21k_b,boot_pair,4,17,0.9459567022317712,0.9434490390251448,0.8393
i21k_b,boot_pair,4,18,0.9383244342969376,0.9265080983941368,0.8059
i21k_b,boot_pair,4,19,0.947881904195063,0.9257517846272921,0.8181
i21k_b,boot_pair,4,20,0.9197070309058658,0.9365863492474227,0.8755
i21k_b,boot_pair,4,21,0.9458545735558468,0.9298322624149513,0.8199
i21k_b,boot_pair,4,22,0.9417551152699541,0.9410721772983099,0.8942
i21k_b,boot_pair,4,23,0.9360565020799283,0.9351561753330062,0.8769
i21k_b,boot_pair,4,24,0.9246743441317665,0.9446186609031831,0.9125
i21k_b,boot_pair,4,25,0.9367232617773033,0.9211965418659308,0.8208
i21k_b,boot_pair,4,26,0.9383456156125649,0.9395261913852813,0.8306
i21k_b,boot_pair,4,27,0.9437463031028834,0.9283134933279376,0.8244
i21k_b,boot_pair,4,28,0.9537781842780453,0.9536253324111724,0.9175
i21k_b,boot_pair,4,29,0.9484347482296211,0.9380936713086127,0.8908
i21k_b,boot_pair,5,6,0.931321362594158,0.9465656166690992,0.8946
i21k_b,boot_pair,5,7,0.9410764378432585,0.9338559772506182,0.8357
i21k_b,boot_pair,5,8,0.9576950410680006,0.9323820610637616,0.8331
i21k_b,boot_pair,5,9,0.9291570335371747,0.9558366236556697,0.8779
i21k_b,boot_pair,5,10,0.9310205438182094,0.9171404679705035,0.8642
i21k_b,boot_pair,5,11,0.9388661111192351,0.9357812672468551,0.8969
i21k_b,boot_pair,5,12,0.9474313967762917,0.9576256251279801,0.8778
i21k_b,boot_pair,5,13,0.9210068046690989,0.9292713273817466,0.8887
i21k_b,boot_pair,5,14,0.9351685734761457,0.952978645331451,0.9242
i21k_b,boot_pair,5,15,0.9462597574101977,0.9360414299025968,0.7865
i21k_b,boot_pair,5,16,0.9049273479122525,0.9289909455817035,0.871
i21k_b,boot_pair,5,17,0.9329761912037517,0.9352222382626199,0.8357
i21k_b,boot_pair,5,18,0.9402778780194928,0.9248080056642198,0.8038
i21k_b,boot_pair,5,19,0.920722821903602,0.9181652999082219,0.8018
i21k_b,boot_pair,5,20,0.921219434201952,0.9524929624451871,0.8774
i21k_b,boot_pair,5,21,0.9507092778183606,0.9289493194468788,0.8115
i21k_b,boot_pair,5,22,0.9542496338326588,0.9316669840399512,0.8671
i21k_b,boot_pair,5,23,0.9408547394657809,0.9357456333750231,0.8938
i21k_b,boot_pair,5,24,0.9288415916852597,0.9563252911676299,0.9352
i21k_b,boot_pair,5,25,0.9432167918372119,0.9257071135326824,0.8224
i21k_b,boot_pair,5,26,0.9669069161985437,0.9465953183365096,0.8388
i21k_b,boot_pair,5,27,0.9378173447406766,0.9271277016793635,0.8294
i21k_b,boot_pair,5,28,0.918332752918285,0.9417201950733864,0.9108
i21k_b,boot_pair,5,29,0.9497882141942007,0.9380686383062936,0.8781
i21k_b,boot_pair,6,7,0.94254482466902,0.9322868403123135,0.8204
i21k_b,boot_pair,6,8,0.9274437754529334,0.9221942859549456,0.8154
i21k_b,boot_pair,6,9,0.9438022086957802,0.9511311775399851,0.8535
i21k_b,boot_pair,6,10,0.9419453539365015,0.9214294509824691,0.852
i21k_b,boot_pair,6,11,0.9489382425652801,0.9276502584176922,0.8568
i21k_b,boot_pair,6,12,0.9419728621890168,0.9464146966019445,0.8556
i21k_b,boot_pair,6,13,0.9326323347527562,0.9267822557717749,0.8681
i21k_b,boot_pair,6,14,0.9420061070614855,0.9464906470844127,0.9042
i21k_b,boot_pair,6,15,0.9357444301780302,0.9253011158715879,0.7542
i21k_b,boot_pair,6,16,0.9173286320251308,0.9184441633678508,0.8584
i21k_b,boot_pair,6,17,0.9483682310857788,0.9307418576866585,0.8081
i21k_b,boot_pair,6,18,0.9590656256786257,0.9425720532956551,0.8307
i21k_b,boot_pair,6,19,0.9576947594708477,0.9382924284783886,0.8259
i21k_b,boot_pair,6,20,0.9220788519609364,0.9497368836889253,0.8667
i21k_b,boot_pair,6,21,0.9466017386251454,0.9331838678019571,0.8203
i21k_b,boot_pair,6,22,0.9312720471431581,0.9237791919528066,0.8554
i21k_b,boot_pair,6,23,0.9348051550676426,0.9274255057722,0.8629
i21k_b,boot_pair,6,24,0.9266771223954955,0.9483889351282734,0.9008
i21k_b,boot_pair,6,25,0.9356970787822313,0.9096484662600351,0.7855
i21k_b,boot_pair,6,26,0.9380345252199588,0.933154020174224,0.8171
i21k_b,boot_pair,6,27,0.9325206395749992,0.9218416247324215,0.8036
i21k_b,boot_pair,6,28,0.9229252130089984,0.9298792829445508,0.8752
i21k_b,boot_pair,6,29,0.9363397686725679,0.9292779704037457,0.8568
i21k_b,boot_pair,7,8,0.9561476793782183,0.9412453142069789,0.8601
i21k_b,boot_pair,7,9,0.9523410019894116,0.945360146932834,0.9035
i21k_b,boot_pair,7,10,0.9505724259552896,0.949369070956075,0.869
i21k_b,boot_pair,7,11,0.9618223480726269,0.9687682314052938,0.8883
i21k_b,boot_pair,7,12,0.9580550535424082,0.9334398061621357,0.8509
i21k_b,boot_pair,7,13,0.9399699280481688,0.958882116191642,0.8692
i21k_b,boot_pair,7,14,0.9466446702975435,0.9302277603748972,0.8195
i21k_b,boot_pair,7,15,0.9509923045947117,0.9232542853612296,0.8161
i21k_b,boot_pair,7,16,0.9360948101677398,0.9560964792522952,0.8639
i21k_b,boot_pair,7,17,0.9464270360127836,0.9645151911001595,0.9039
i21k_b,boot_pair,7,18,0.9594423721718702,0.9461803488009287,0.9095
i21k_b,boot_pair,7,19,0.9467375878027732,0.9526980635650416,0.8893
i21k_b,boot_pair,7,20,0.9230205089279765,0.9278339145359824,0.8129
i21k_b,boot_pair,7,21,0.9544511861707069,0.9511653688941267,0.921
i21k_b,boot_pair,7,22,0.9508483021629367,0.9580065259678622,0.8622
i21k_b,boot_pair,7,23,0.946884598027248,0.9590955422483654,0.8724
i21k_b,boot_pair,7,24,0.937457886165485,0.9371669201195814,0.8457
i21k_b,boot_pair,7,25,0.9518095449172134,0.9519901464022259,0.8941
i21k_b,boot_pair,7,26,0.9498962396748651,0.960688122530963,0.9357
i21k_b,boot_pair,7,27,0.932254789387574,0.9477603391845248,0.9246
i21k_b,boot_pair,7,28,0.9381587011678678,0.946500428875013,0.8512
i21k_b,boot_pair,7,29,0.943128824112117,0.9559433424165877,0.8765
i21k_b,boot_pair,8,9,0.9451962349285593,0.9274185388233848,0.8049
i21k_b,boot_pair,8,10,0.9529632123112446,0.9376465196663483,0.8745
i21k_b,boot_pair,8,11,0.9578012531267105,0.9347153474143601,0.8528
i21k_b,boot_pair,8,12,0.9517795029479064,0.9286413624459116,0.8162
i21k_b,boot_pair,8,13,0.9213873310059889,0.9221052798389799,0.8512
i21k_b,boot_pair,8,14,0.9509622916733164,0.9143585804119981,0.7977
i21k_b,boot_pair,8,15,0.9627489657903384,0.934511763260067,0.8049
i21k_b,boot_pair,8,16,0.9320441134557839,0.9283862141452899,0.8444
i21k_b,boot_pair,8,17,0.94145865903401,0.9368951424418526,0.8543
i21k_b,boot_pair,8,18,0.9395785589280913,0.9453206322483797,0.8578
i21k_b,boot_pair,8,19,0.934055718554439,0.9372649891784348,0.8593
i21k_b,boot_pair,8,20,0.9252043925698141,0.9370537685422577,0.842
i21k_b,boot_pair,8,21,0.9610591085629361,0.9602491964066547,0.8924
i21k_b,boot_pair,8,22,0.9598665289983768,0.9315144814746005,0.844
i21k_b,boot_pair,8,23,0.9445762686119837,0.935096358491903,0.8608
i21k_b,boot_pair,8,24,0.9284643799773603,0.9208319013856707,0.8239
i21k_b,boot_pair,8,25,0.9579097701433943,0.9491142987701313,0.8794
i21k_b,boot_pair,8,26,0.9559143350800737,0.9373773034038542,0.8425
i21k_b,boot_pair,8,27,0.9366165301257235,0.9389935545256931,0.8584
i21k_b,boot_pair,8,28,0.9305170174068438,0.9181100057110186,0.8231
i21k_b,boot_pair,8,29,0.9529759035990136,0.946431067732705,0.882
i21k_b,boot_pair,9,10,0.938760902370313,0.9238971204525444,0.8078
i21k_b,boot_pair,9,11,0.9574621908066879,0.9443191839414504,0.847
i21k_b,boot_pair,9,12,0.9481019770294001,0.9545878241621437,0.8885
i21k_b,boot_pair,9,13,0.926693483310849,0.9303535599608727,0.8381
i21k_b,boot_pair,9,14,0.9377768141399441,0.9500721687464284,0.8643
i21k_b,boot_pair,9,15,0.9519441900855665,0.9358480604713281,0.8032
i21k_b,boot_pair,9,16,0.9297064802641901,0.9357972726972624,0.8369
i21k_b,boot_pair,9,17,0.9512884846970732,0.9421907899766229,0.866
i21k_b,boot_pair,9,18,0.9370588551009676,0.9295168350649868,0.8704
i21k_b,boot_pair,9,19,0.9509533220230765,0.9270284653413821,0.8348
i21k_b,boot_pair,9,20,0.9210331641790453,0.9451579995362842,0.8089
i21k_b,boot_pair,9,21,0.9408510013075649,0.925344689988654,0.8508
i21k_b,boot_pair,9,22,0.9461132821827087,0.936632241849057,0.8245
i21k_b,boot_pair,9,23,0.9576144621337414,0.9486844813972172,0.8561
i21k_b,boot_pair,9,24,0.9256046710026592,0.9555880922445581,0.8683
i21k_b,boot_pair,9,25,0.9513399338582454,0.9330042596215168,0.8497
i21k_b,boot_pair,9,26,0.943921760399861,0.9407947540961848,0.9035
i21k_b,boot_pair,9,27,0.9466392512608864,0.9311884898769407,0.8798
i21k_b,boot_pair,9,28,0.9477735123357667,0.9501582831175148,0.8602
i21k_b,boot_pair,9,29,0.9507456035143766,0.9369786717704939,0.8197
i21k_b,boot_pair,10,11,0.9388613012757849,0.9403362290948134,0.9101
i21k_b,boot_pair,10,12,0.9325038833821718,0.9078935344025942,0.7867
i21k_b,boot_pair,10,13,0.9400231522866452,0.9396985982277306,0.9005
i21k_b,boot_pair,10,14,0.9356229901762163,0.9108440446901743,0.8429
i21k_b,boot_pair,10,15,0.9447588546675274,0.9009766439860277,0.7771
i21k_b,boot_pair,10,16,0.9190088428434633,0.9318660741531702,0.883
i21k_b,boot_pair,10,17,0.9253357251419569,0.928769836483582,0.8301
i21k_b,boot_pair,10,18,0.9455544094224068,0.9420462053869122,0.841
i21k_b,boot_pair,10,19,0.9339372272741499,0.9453944272080538,0.8507
i21k_b,boot_pair,10,20,0.9176578233791637,0.912599914087602,0.846
i21k_b,boot_pair,10,21,0.9645374998080358,0.9411812836239977,0.854
i21k_b,boot_pair,10,22,0.946521915657847,0.9381982424355206,0.888
i21k_b,boot_pair,10,23,0.9494457766639188,0.9494748424465314,0.9125
i21k_b,boot_pair,10,24,0.9343437221702459,0.9257816555014875,0.8853
i21k_b,boot_pair,10,25,0.9420828817761265,0.9498880101371564,0.8671
i21k_b,boot_pair,10,26,0.9357327104050739,0.9366187735579474,0.8397
i21k_b,boot_pair,10,27,0.9411834574388733,0.9593118387999845,0.8771
i21k_b,boot_pair,10,28,0.9100289130770906,0.9183003101471993,0.8625
i21k_b,boot_pair,10,29,0.9346794488671901,0.9570132463112613,0.9273
i21k_b,boot_pair,11,12,0.9479257791145708,0.9270535592674036,0.8213
i21k_b,boot_pair,11,13,0.9272735634041267,0.9516087063779486,0.9175
i21k_b,boot_pair,11,14,0.9467902009036171,0.9321111575989227,0.8858
i21k_b,boot_pair,11,15,0.9648291380848685,0.9226843765052208,0.8015
i21k_b,boot_pair,11,16,0.9335913230232074,0.9538005449868383,0.9117
i21k_b,boot_pair,11,17,0.9615918342688395,0.967287559252502,0.8837
i21k_b,boot_pair,11,18,0.9405433056929945,0.9358060166409693,0.8397
i21k_b,boot_pair,11,19,0.9482289966186649,0.9429480162622451,0.8405
i21k_b,boot_pair,11,20,0.9329418687959924,0.9318914230922821,0.8658
i21k_b,boot_pair,11,21,0.9603678455142176,0.952393244141111,0.8558
i21k_b,boot_pair,11,22,0.9542856628888386,0.964872051842751,0.9162
i21k_b,boot_pair,11,23,0.9503736693949293,0.9594589436976617,0.9335
i21k_b,boot_pair,11,24,0.927345205294432,0.9293499053369644,0.8835
i21k_b,boot_pair,11,25,0.9530661083345701,0.9436851110045539,0.8513
i21k_b,boot_pair,11,26,0.9490441565001906,0.9603562136914945,0.8754
i21k_b,boot_pair,11,27,0.9420172957924366,0.9510585612135113,0.8716
i21k_b,boot_pair,11,28,0.9502167105685633,0.9568299112420411,0.9171
i21k_b,boot_pair,11,29,0.9504210750552314,0.9538316309501507,0.9157
i21k_b,boot_pair,12,13,0.9345260620578941,0.9266099159408869,0.8224
i21k_b,boot_pair,12,14,0.9630930910718851,0.9611716064535487,0.8702
i21k_b,boot_pair,12,15,0.9431174404782776,0.9384798617605784,0.8415
i21k_b,boot_pair,12,16,0.9301841737541204,0.9157985725419588,0.7929
i21k_b,boot_pair,12,17,0.9547423964300144,0.938019414862023,0.905
i21k_b,boot_pair,12,18,0.9522727113964755,0.9324827672254324,0.8341
i21k_b,boot_pair,12,19,0.9453269596255448,0.9286620164310957,0.879
i21k_b,boot_pair,12,20,0.9300995794047391,0.9456187817731214,0.8059
i21k_b,boot_pair,12,21,0.9423074740182579,0.9233387860143653,0.8199
i21k_b,boot_pair,12,22,0.9437971974719822,0.9209343892231194,0.7953
i21k_b,boot_pair,12,23,0.9382586214501856,0.9228516028645419,0.8162
i21k_b,boot_pair,12,24,0.932530064472394,0.9604489311844044,0.8703
i21k_b,boot_pair,12,25,0.9560324258454925,0.9311449165167524,0.8791
i21k_b,boot_pair,12,26,0.9493763771380352,0.9355161650369852,0.8488
i21k_b,boot_pair,12,27,0.9265149511151083,0.9215715356834483,0.8343
i21k_b,boot_pair,12,28,0.9397110932130592,0.9390927974237664,0.8422
i21k_b,boot_pair,12,29,0.9442829522158253,0.9284771922822274,0.8101
i21k_b,boot_pair,13,14,0.9325969833701103,0.9239942680004906,0.8667
i21k_b,boot_pair,13,15,0.9222651094506918,0.9091382165700086,0.7948
i21k_b,boot_pair,13,16,0.914666956371947,0.9464714030400608,0.9007
i21k_b,boot_pair,13,17,0.933758813431554,0.9471583173800806,0.8598
i21k_b,boot_pair,13,18,0.9379493338662416,0.9359600777857249,0.8536
i21k_b,boot_pair,13,19,0.918036910679364,0.9391992709740744,0.8496
i21k_b,boot_pair,13,20,0.9135173298138334,0.9175814082486493,0.8403
i21k_b,boot_pair,13,21,0.9421813449931341,0.939248020897893,0.838
i21k_b,boot_pair,13,22,0.9316009879490719,0.9534757650018072,0.9151
i21k_b,boot_pair,13,23,0.9472755751068418,0.9590847909528502,0.9406
i21k_b,boot_pair,13,24,0.9174742052950633,0.9346068565531461,0.8897
i21k_b,boot_pair,13,25,0.9374209654266152,0.9429231672316697,0.8433
i21k_b,boot_pair,13,26,0.9225411341725036,0.9554886346936432,0.8835
i21k_b,boot_pair,13,27,0.9334752795437281,0.9430946342644954,0.8571
i21k_b,boot_pair,13,28,0.9212367642850263,0.9450813964500344,0.9077
i21k_b,boot_pair,13,29,0.9110569287136911,0.937172530584449,0.8992
i21k_b,boot_pair,14,15,0.9390974874985452,0.9226520873568512,0.7626
i21k_b,boot_pair,14,16,0.9312831002285311,0.9171261774576235,0.8587
i21k_b,boot_pair,14,17,0.9590751658130322,0.9295102721509572,0.8263
i21k_b,boot_pair,14,18,0.9453663252815415,0.9209775713626907,0.7891
i21k_b,boot_pair,14,19,0.9468700132842762,0.9162943315325442,0.787
i21k_b,boot_pair,14,20,0.9366455265181844,0.9480333628180372,0.8645
i21k_b,boot_pair,14,21,0.9434253606193468,0.9157195739018228,0.7873
i21k_b,boot_pair,14,22,0.9399661617748115,0.923881505329986,0.8602
i21k_b,boot_pair,14,23,0.9289693587800633,0.9194345754738759,0.8596
i21k_b,boot_pair,14,24,0.9301904528558669,0.9624944213671903,0.9273
i21k_b,boot_pair,14,25,0.9579575723785393,0.9213664548170273,0.7995
i21k_b,boot_pair,14,26,0.9327853746563246,0.9229891077793659,0.8124
i21k_b,boot_pair,14,27,0.927600809202676,0.9181261965403595,0.8098
i21k_b,boot_pair,14,28,0.9343515348486305,0.9450706230631176,0.9149
i21k_b,boot_pair,14,29,0.9376839768482226,0.9286907455720317,0.8689
i21k_b,boot_pair,15,16,0.9251972441382291,0.9058217710670712,0.7776
i21k_b,boot_pair,15,17,0.9473043275123091,0.930396218286061,0.8809
i21k_b,boot_pair,15,18,0.9328658407283014,0.9183549965798015,0.8167
i21k_b,boot_pair,15,19,0.9390027641232657,0.9224919930509702,0.8717
i21k_b,boot_pair,15,20,0.9206355128954333,0.9287553792220585,0.7922
i21k_b,boot_pair,15,21,0.9544414163176624,0.9220863358900668,0.7922
i21k_b,boot_pair,15,22,0.9604029374468027,0.9200640465494699,0.7871
i21k_b,boot_pair,15,23,0.9552389570961928,0.9195918139167609,0.8043
i21k_b,boot_pair,15,24,0.9226995291799159,0.9231181568385634,0.7675
i21k_b,boot_pair,15,25,0.950286404260704,0.9107808473092952,0.8637
i21k_b,boot_pair,15,26,0.9442612942712669,0.9203955724371496,0.825
i21k_b,boot_pair,15,27,0.9457243451795176,0.909005130652149,0.8176
i21k_b,boot_pair,15,28,0.931591396434252,0.9136929612406671,0.7737
i21k_b,boot_pair,15,29,0.953488340913673,0.9219878819156884,0.7926
i21k_b,boot_pair,16,17,0.9299761296396135,0.9492265089475194,0.8437
i21k_b,boot_pair,16,18,0.9176364411277124,0.9262852493833376,0.8199
i21k_b,boot_pair,16,19,0.9197869450067911,0.9281331984593139,0.8285
i21k_b,boot_pair,16,20,0.9073621277906369,0.9165450385237297,0.8548
i21k_b,boot_pair,16,21,0.9239517261083804,0.9276246095255647,0.8187
i21k_b,boot_pair,16,22,0.9231445903630172,0.9520035967830385,0.9179
i21k_b,boot_pair,16,23,0.9217303902442547,0.9558308577178988,0.9146
i21k_b,boot_pair,16,24,0.8956976532281407,0.9182882759586329,0.8569
i21k_b,boot_pair,16,25,0.9387633586932067,0.9432503264188972,0.8434
i21k_b,boot_pair,16,26,0.9214469710840743,0.9532960782027151,0.8556
i21k_b,boot_pair,16,27,0.908673281031661,0.930148804212375,0.8249
i21k_b,boot_pair,16,28,0.933946013764124,0.9344597191088966,0.8854
i21k_b,boot_pair,16,29,0.9136723967162058,0.9416045548736316,0.9098
i21k_b,boot_pair,17,18,0.9441444618504767,0.9389412050252159,0.8612
i21k_b,boot_pair,17,19,0.9499936645087397,0.9527179226693371,0.9247
i21k_b,boot_pair,17,20,0.9384093452819953,0.9241255828357301,0.8059
i21k_b,boot_pair,17,21,0.9399118042250645,0.9383987212962374,0.8535
i21k_b,boot_pair,17,22,0.9400356687064827,0.9539754765662765,0.847
i21k_b,boot_pair,17,23,0.9412522894716712,0.9559439309473188,0.8673
i21k_b,boot_pair,17,24,0.9210541766244165,0.9258265851856441,0.8186
i21k_b,boot_pair,17,25,0.9516162569108915,0.9465749194120174,0.9241
i21k_b,boot_pair,17,26,0.9477719569095479,0.9604832847107608,0.8932
i21k_b,boot_pair,17,27,0.9310455556465931,0.9451448629141284,0.8767
i21k_b,boot_pair,17,28,0.9427046677714138,0.9439363709281406,0.8486
i21k_b,boot_pair,17,29,0.9417304907174039,0.9506954599665692,0.8493
i21k_b,boot_pair,18,19,0.946843245887735,0.9518366331980329,0.8846
i21k_b,boot_pair,18,20,0.9213067371124576,0.9296367338803715,0.7935
i21k_b,boot_pair,18,21,0.9470065882463166,0.9448630680680897,0.8986
i21k_b,boot_pair,18,22,0.9288654194536942,0.9268430483595566,0.8163
i21k_b,boot_pair,18,23,0.9330114513714779,0.9452571114111648,0.8639
i21k_b,boot_pair,18,24,0.9379828931842357,0.9283379032802146,0.8084
i21k_b,boot_pair,18,25,0.9455552510997313,0.942637223804231,0.8621
i21k_b,boot_pair,18,26,0.9434713630985988,0.9448853896663638,0.9165
i21k_b,boot_pair,18,27,0.9187213632270995,0.9447336091783122,0.9129
i21k_b,boot_pair,18,28,0.9203961999880115,0.9191858103354168,0.809
i21k_b,boot_pair,18,29,0.933247252924579,0.9477976066804198,0.8459
i21k_b,boot_pair,19,20,0.9142286069913623,0.9097547798008873,0.7919
i21k_b,boot_pair,19,21,0.9364261333260301,0.9326174054249282,0.8529
i21k_b,boot_pair,19,22,0.9296110609271734,0.9379313848940467,0.8365
i21k_b,boot_pair,19,23,0.9286215677664658,0.9411298403472638,0.8485
i21k_b,boot_pair,19,24,0.9276884102898905,0.9235632231987192,0.8102
i21k_b,boot_pair,19,25,0.9302343855778104,0.9453553423892729,0.9202
i21k_b,boot_pair,19,26,0.9336214462437221,0.9468490736487498,0.8775
i21k_b,boot_pair,19,27,0.9380451023329538,0.9559028364601799,0.8809
i21k_b,boot_pair,19,28,0.9342673417424271,0.9209382610596585,0.8053
i21k_b,boot_pair,19,29,0.9454620581340535,0.9511365057517736,0.8564
i21k_b,boot_pair,20,21,0.9286668845765333,0.9406495426432193,0.8252
i21k_b,boot_pair,20,22,0.9295452003055165,0.920241826777246,0.8424
i21k_b,boot_pair,20,23,0.9212082169547163,0.9255796422393795,0.8552
i21k_b,boot_pair,20,24,0.9189340669965552,0.9567861672725829,0.8798
i21k_b,boot_pair,20,25,0.9306215093398312,0.9173206132914186,0.8087
i21k_b,boot_pair,20,26,0.9269164091302811,0.9276652402670752,0.8019
i21k_b,boot_pair,20,27,0.9090197981872504,0.9190580959888087,0.8024
i21k_b,boot_pair,20,28,0.9108009896198902,0.9341549652064715,0.8601
i21k_b,boot_pair,20,29,0.9172670218156525,0.9274898757401802,0.8625
i21k_b,boot_pair,21,22,0.965485549372888,0.9438212562521071,0.832
i21k_b,boot_pair,21,23,0.9441739166544302,0.9353761942012934,0.831
i21k_b,boot_pair,21,24,0.9393325983062731,0.9293851685166787,0.8238
i21k_b,boot_pair,21,25,0.949284824069126,0.9322547303622181,0.8647
i21k_b,boot_pair,21,26,0.9519246886386049,0.9422799918860969,0.8937
i21k_b,boot_pair,21,27,0.9374698766492531,0.9386308199213732,0.9108
i21k_b,boot_pair,21,28,0.9268568286189764,0.9244648630981545,0.8162
i21k_b,boot_pair,21,29,0.9426274429377617,0.9388843772068072,0.8433
i21k_b,boot_pair,22,23,0.9493589592796825,0.9486373967129719,0.9068
i21k_b,boot_pair,22,24,0.9326912665279375,0.927218199871126,0.8667
i21k_b,boot_pair,22,25,0.9580164668791884,0.9419736073368655,0.8416
i21k_b,boot_pair,22,26,0.9550979162751739,0.9524463085128766,0.854
i21k_b,boot_pair,22,27,0.9441069417057676,0.9438388132940426,0.8428
i21k_b,boot_pair,22,28,0.9278270598611155,0.9434457557576831,0.9058
i21k_b,boot_pair,22,29,0.9490531138480383,0.9485866342223541,0.9114
i21k_b,boot_pair,23,24,0.9175692382541395,0.9285763499756438,0.8859
i21k_b,boot_pair,23,25,0.9454514899894171,0.9491351090819979,0.856
i21k_b,boot_pair,23,26,0.9471985278754749,0.9615884151940454,0.886
i21k_b,boot_pair,23,27,0.9614322897286409,0.9493799724904006,0.8586
i21k_b,boot_pair,23,28,0.9351663650176572,0.9402842828556309,0.8926
i21k_b,boot_pair,23,29,0.9439289267706092,0.9558774452611153,0.9174
i21k_b,boot_pair,24,25,0.936095767155311,0.933162444843819,0.8321
i21k_b,boot_pair,24,26,0.9239583402309752,0.9284994340628554,0.8177
i21k_b,boot_pair,24,27,0.9071897365593345,0.9224988095515477,0.8186
i21k_b,boot_pair,24,28,0.9029920889952432,0.9395117571502748,0.8991
i21k_b,boot_pair,24,29,0.9271396051494346,0.9347320941120609,0.8821
i21k_b,boot_pair,25,26,0.9432006631854105,0.9428341666371068,0.8683
i21k_b,boot_pair,25,27,0.9380128107727603,0.9597562605113436,0.8952
i21k_b,boot_pair,25,28,0.9401233405835907,0.9299786482631109,0.8248
i21k_b,boot_pair,25,29,0.937018058366201,0.9525181579968097,0.8666
i21k_b,boot_pair,26,27,0.936025722534019,0.9497869401028873,0.9268
i21k_b,boot_pair,26,28,0.9232340219379609,0.9366302348769986,0.838
i21k_b,boot_pair,26,29,0.9436815327300206,0.9525625829679528,0.8579
i21k_b,boot_pair,27,28,0.9286835376509461,0.9326288420789298,0.8408
i21k_b,boot_pair,27,29,0.9513123076468551,0.9602908497827062,0.8726
i21k_b,boot_pair,28,29,0.9309456443938455,0.936785433246826,0.8952
i21k_b,ref_vs_boot,-1,0,0.9707888298217343,0.9375820367324595,0.8815
i21k_b,ref_vs_boot,-1,1,0.9631736833604074,0.9371318210344671,0.8849
i21k_b,ref_vs_boot,-1,2,0.9552648421808584,0.9326144539595949,0.8747
i21k_b,ref_vs_boot,-1,3,0.9650848197633569,0.966250867633564,0.9603
i21k_b,ref_vs_boot,-1,4,0.9519854775053687,0.9544941914118162,0.9209
i21k_b,ref_vs_boot,-1,5,0.9451599523856368,0.9643523948435628,0.9504
i21k_b,ref_vs_boot,-1,6,0.9478011339751442,0.9535576473229416,0.8963
i21k_b,ref_vs_boot,-1,7,0.9623206009066867,0.9467092336918559,0.8511
i21k_b,ref_vs_boot,-1,8,0.9519329044736323,0.9271461326274467,0.8129
i21k_b,ref_vs_boot,-1,9,0.963535616124497,0.9790888519952384,0.9048
i21k_b,ref_vs_boot,-1,10,0.9413964686709779,0.9249622479069884,0.8693
i21k_b,ref_vs_boot,-1,11,0.9708025684260915,0.9527203426907478,0.9193
i21k_b,ref_vs_boot,-1,12,0.9530332157222485,0.9529869001502396,0.8667
i21k_b,ref_vs_boot,-1,13,0.9326596731981848,0.9253907095684715,0.8722
i21k_b,ref_vs_boot,-1,14,0.9445935991465148,0.9512613146275948,0.9236
i21k_b,ref_vs_boot,-1,15,0.9603326719744398,0.9377870210244796,0.7805
i21k_b,ref_vs_boot,-1,16,0.9337432112915219,0.9306392056350861,0.8724
i21k_b,ref_vs_boot,-1,17,0.9618322426792871,0.9433441504848885,0.8497
i21k_b,ref_vs_boot,-1,18,0.9510705496248005,0.9278251477006746,0.8057
i21k_b,ref_vs_boot,-1,19,0.9437022741154552,0.9215970157955666,0.7974
i21k_b,ref_vs_boot,-1,20,0.926129045335369,0.9501624495506484,0.8703
i21k_b,ref_vs_boot,-1,21,0.9506509023502415,0.9311095565898496,0.8083
i21k_b,ref_vs_boot,-1,22,0.9522363410919997,0.9341069281246344,0.8616
i21k_b,ref_vs_boot,-1,23,0.9572380295255228,0.9421964259812244,0.8965
i21k_b,ref_vs_boot,-1,24,0.9333477298192705,0.9572826653334908,0.932
i21k_b,ref_vs_boot,-1,25,0.9612361506377244,0.9283081296181029,0.8217
i21k_b,ref_vs_boot,-1,26,0.9460951228026945,0.9330349364635635,0.8263
i21k_b,ref_vs_boot,-1,27,0.9432915065514841,0.9273168556259651,0.8232
i21k_b,ref_vs_boot,-1,28,0.9497797282090412,0.952334204053259,0.9125
i21k_b,ref_vs_boot,-1,29,0.9473474410622796,0.9357366617298565,0.8666
