epoch,step,gstep,img_per_s,acc_leaf,loss_leaf,loss_k30,loss_k6,loss_k2,lr_enc,t
0,0,1,40.8,0.00390625,8.5049,4.8991,2.3176,1.6601,2e-08,1790060092.415008
0,50,51,60.6,0.16015625,5.4653,2.914,0.8172,0.4977,1.02e-06,1790060301.5643888
0,100,101,65.4,0.7265625,1.5405,0.7376,0.155,0.0722,2.02e-06,1790060481.32298
0,150,151,68.3,0.91015625,0.5185,0.1892,0.042,0.0253,3.0200000000000003e-06,1790060652.3019648
0,200,201,70.0,0.90625,0.5953,0.3024,0.0328,0.0096,4.0200000000000005e-06,1790060821.0794191
0,250,251,70.6,0.91015625,0.7003,0.0883,0.02,0.0037,5.02e-06,1790060996.0346997
0,300,301,71.1,0.875,0.6347,0.0628,0.0573,0.0579,6.02e-06,1790061170.2227678
0,350,351,71.4,0.95703125,0.0993,0.0454,0.0341,0.0227,7.0200000000000006e-06,1790061345.0031958
0,400,401,71.9,0.8671875,0.9585,0.0753,0.0166,0.0076,8.020000000000001e-06,1790061514.0720947
0,450,451,72.2,0.87890625,0.534,0.1119,0.0256,0.0257,9.020000000000002e-06,1790061685.8685527
0,500,501,72.2,0.9296875,0.3414,0.0807,0.0287,0.0324,1e-05,1790061861.8345788
0,550,551,72.3,0.984375,0.1157,0.1775,0.0677,0.0703,1e-05,1790062037.8880615
0,600,601,72.4,0.8828125,0.9902,0.1609,0.0024,0.0031,1e-05,1790062212.1324697
0,650,651,72.3,0.88671875,0.58,0.096,0.0414,0.0253,1e-05,1790062392.52032
0,700,701,72.4,0.9375,0.3214,0.0801,0.0174,0.0201,1e-05,1790062564.1530075
0,750,751,72.5,0.9296875,0.27,0.0745,0.0011,0.0007,1e-05,1790062737.3531702
0,800,801,72.5,0.86328125,0.9704,0.7588,0.7532,0.0007,1e-05,1790062913.0741308
0,850,851,72.5,0.90234375,0.525,0.2292,0.123,0.0034,1e-05,1790063090.9806702
0,900,901,72.5,0.9453125,0.1855,0.0358,0.0094,0.0022,1e-05,1790063268.2273412
0,950,951,72.6,0.95703125,0.2042,0.0972,0.1189,0.0902,1e-05,1790063441.2602167
0,1000,1001,72.6,0.95703125,0.3256,0.0364,0.0016,0.0005,1e-05,1790063617.500214
0,1050,1051,72.6,0.9296875,0.5475,0.0595,0.0044,0.002,1e-05,1790063793.3157425
0,1100,1101,72.5,0.9296875,0.3308,0.0913,0.0053,0.0072,1e-05,1790063974.7856917
0,1150,1151,72.4,0.95703125,0.1687,0.0832,0.0428,0.0373,1e-05,1790064153.416231
0,1200,1201,72.5,0.89453125,0.5593,0.0707,0.016,0.0114,1e-05,1790064328.6155097
0,1250,1251,72.4,0.91796875,0.8451,0.0652,0.0147,0.0129,1e-05,1790064509.6538017
0,1300,1301,72.7,0.90625,0.4624,0.0315,0.0346,0.0318,1e-05,1790064666.7702487
0,1350,1351,73.1,0.9609375,0.1137,0.0471,0.0116,0.0022,1e-05,1790064818.3505843
0,1400,1401,73.5,0.90234375,0.7417,0.032,0.0017,0.001,1e-05,1790064967.644697
0,1450,1451,73.8,0.921875,0.8043,0.2601,0.0067,0.0021,1e-05,1790065116.5342162
0,1500,1501,74.2,0.91796875,0.3489,0.0378,0.0129,0.0026,1e-05,1790065263.3872774
0,1550,1551,74.6,0.94140625,0.2333,0.0606,0.0101,0.005,1e-05,1790065410.4832141
0,1600,1601,75.0,0.921875,0.7247,0.0397,0.0016,0.0015,1e-05,1790065552.998778
0,1650,1651,75.4,0.8828125,1.1157,0.0528,0.0011,0.0005,1e-05,1790065694.9024496
0,1700,1701,75.7,0.9296875,0.5219,0.0824,0.0026,0.002,1e-05,1790065838.7602286
0,1750,1751,76.0,0.96875,0.1443,0.013,0.0012,0.0012,1e-05,1790065981.884039
0,1800,1801,76.4,0.90234375,0.7908,0.2308,0.0613,0.051,1e-05,1790066124.8318863
0,1850,1851,76.7,0.875,0.9547,0.0274,0.0013,0.0012,1e-05,1790066263.1048584
0,1900,1901,77.0,0.921875,0.2673,0.0743,0.0104,0.0085,1e-05,1790066404.5224214
0,1950,1951,77.3,0.93359375,0.2774,0.0218,0.0008,0.0006,1e-05,1790066544.5484278
0,2000,2001,77.6,0.89453125,1.2342,0.1318,0.0065,0.0051,1e-05,1790066687.5540004
0,2050,2051,77.8,0.88671875,0.8705,0.0792,0.0038,0.0014,1e-05,1790066831.2045162
0,2100,2101,78.0,0.9140625,0.4139,0.0532,0.0121,0.0047,1e-05,1790066978.7899704
0,2150,2151,78.2,0.9296875,0.3385,0.0342,0.0014,0.0005,1e-05,1790067124.871233
0,2200,2201,78.3,0.8671875,1.3158,0.065,0.0843,0.0774,1e-05,1790067278.1414077
0,2250,2251,78.5,0.89453125,0.6013,0.09,0.0413,0.0357,1e-05,1790067424.7937675
0,2300,2301,78.8,0.9296875,0.3094,0.0463,0.0205,0.0211,1e-05,1790067565.5555995
0,2350,2351,78.9,0.92578125,0.4285,0.0513,0.0179,0.0028,1e-05,1790067710.581975
0,2400,2401,79.1,0.859375,0.9466,0.1636,0.0093,0.0027,1e-05,1790067858.9061048
0,2450,2451,79.2,0.8828125,0.976,0.0259,0.0006,0.0009,1e-05,1790068008.9754019
0,2500,2501,79.3,0.9140625,0.6109,0.1466,0.0583,0.0612,1e-05,1790068161.3835835
0,2550,2551,79.3,0.984375,0.1002,0.0146,0.001,0.0015,1e-05,1790068322.0643418
0,2600,2601,79.3,0.8359375,1.1869,0.0366,0.002,0.0037,1e-05,1790068487.202771
0,2650,2651,79.2,0.88671875,1.0307,0.0487,0.0065,0.0045,1e-05,1790068654.6422548
0,2700,2701,79.1,0.94140625,0.2165,0.0759,0.0747,0.0245,1e-05,1790068826.5511315
0,2750,2751,79.0,0.88671875,0.5207,0.0842,0.019,0.0142,1e-05,1790068997.0446303
0,2800,2801,78.9,0.890625,0.4389,0.0588,0.0014,0.0006,1e-05,1790069169.6971996
0,2850,2851,78.9,0.93359375,0.4734,0.3179,0.1068,0.0083,1e-05,1790069338.6838958
0,2900,2901,78.8,0.85546875,0.8698,0.1476,0.1033,0.0256,1e-05,1790069507.9537947
0,2950,2951,78.8,0.9296875,0.3628,0.1076,0.0744,0.0365,1e-05,1790069677.628268
0,3000,3001,78.7,0.90625,0.9312,0.0655,0.0829,0.034,1e-05,1790069845.9579804
0,3050,3051,78.6,0.8828125,0.761,0.101,0.0314,0.0208,1e-05,1790070017.8572328
0,3100,3101,78.6,0.9453125,0.1696,0.0109,0.0051,0.0006,1e-05,1790070187.9713674
0,3150,3151,78.6,0.91015625,0.2943,0.0059,0.002,0.0006,1e-05,1790070354.9548128
0,3200,3201,78.5,0.93359375,0.5711,0.2271,0.0613,0.0659,1e-05,1790070521.7392015
0,3250,3251,78.5,0.875,0.8462,0.103,0.0031,0.0037,1e-05,1790070690.4481583
0,3300,3301,78.5,0.94140625,0.4241,0.051,0.0008,0.0009,1e-05,1790070857.1651227
0,3350,3351,78.4,0.91796875,0.4629,0.0382,0.0026,0.0021,1e-05,1790071024.660793
0,3400,3401,78.4,0.9296875,0.5371,0.2357,0.0993,0.1033,1e-05,1790071195.38823
0,3450,3451,78.3,0.93359375,0.4304,0.0307,0.0073,0.0086,1e-05,1790071367.1662679
0,3500,3501,78.3,0.9296875,0.3691,0.0202,0.0011,0.0003,1e-05,1790071536.0603857
0,3550,3551,78.2,0.8828125,0.5213,0.1277,0.0016,0.001,1e-05,1790071704.9798222
0,3600,3601,78.2,0.83984375,1.8658,0.126,0.0141,0.002,1e-05,1790071871.375104
0,3650,3651,78.2,0.875,0.8466,0.3291,0.001,0.0002,1e-05,1790072036.175033
0,3700,3701,78.2,0.890625,0.4848,0.1074,0.0064,0.0003,1e-05,1790072195.7293046
0,3750,3751,78.2,0.90625,0.4734,0.0228,0.0078,0.0025,1e-05,1790072361.3176084
0,3800,3801,78.2,0.8671875,0.661,0.1962,0.0389,0.0101,1e-05,1790072533.3534927
0,3850,3851,78.1,0.921875,0.4643,0.0562,0.0032,0.0027,1e-05,1790072705.3982837
0,3900,3901,78.1,0.90234375,0.4116,0.0163,0.0009,0.0005,1e-05,1790072873.4425735
0,3950,3951,78.1,0.92578125,0.3125,0.1264,0.004,0.0079,1e-05,1790073043.7914073
0,4000,4001,78.0,0.94921875,0.4879,0.0494,0.0079,0.0008,1e-05,1790073215.3201025
0,4050,4051,78.0,0.93359375,0.5472,0.0493,0.0433,0.0243,1e-05,1790073388.9933586
0,4100,4101,77.9,0.8984375,0.5923,0.0716,0.0019,0.0013,1e-05,1790073562.6405296
0,4150,4151,77.9,0.90625,0.4401,0.0488,0.035,0.0295,1e-05,1790073730.0147438
0,4200,4201,77.8,0.89453125,0.9198,0.3811,0.4277,0.109,1e-05,1790073901.3792353
0,4250,4251,77.8,0.95703125,0.1451,0.0756,0.0032,0.0034,1e-05,1790074069.7816882
0,4300,4301,77.8,0.90625,0.629,0.071,0.0022,0.0018,1e-05,1790074238.254177
0,4350,4351,77.8,0.94140625,0.2897,0.0479,0.0024,0.0018,1e-05,1790074408.2166674
0,4400,4401,77.7,0.92578125,0.7367,0.0271,0.0179,0.0232,1e-05,1790074577.9595907
0,4450,4451,77.7,0.91015625,0.6532,0.0252,0.0177,0.0109,1e-05,1790074749.055024
0,4500,4501,77.7,0.94921875,0.1999,0.0203,0.0012,0.0008,1e-05,1790074924.8497705
0,4550,4551,77.5,0.91015625,0.3485,0.0384,0.0084,0.0086,1e-05,1790075115.5137541
0,4600,4601,77.4,0.921875,0.8187,0.0325,0.0266,0.0095,1e-05,1790075307.0113437
0,4650,4651,77.4,0.91796875,0.173,0.0382,0.0238,0.0003,1e-05,1790075476.812291
0,4700,4701,77.3,0.91796875,0.3677,0.0232,0.0047,0.0026,1e-05,1790075647.8502154
0,4750,4751,77.3,0.9375,0.2196,0.0875,0.015,0.0058,1e-05,1790075816.2360518
0,4800,4801,77.3,0.91796875,0.773,0.0663,0.0519,0.0003,1e-05,1790075986.5413198
0,4850,4851,77.3,0.9296875,0.463,0.1369,0.0009,0.0006,1e-05,1790076153.8111143
0,4900,4901,77.3,0.93359375,0.1773,0.109,0.0103,0.0067,1e-05,1790076320.9765434
0,4950,4951,77.5,0.9609375,0.127,0.0753,0.0095,0.0006,1e-05,1790076442.9028628
0,5000,5001,77.9,0.9921875,0.0523,0.0103,0.0026,0.0003,1e-05,1790076529.9624438
0,5003,5004,77.9,0.98046875,0.043,0.0051,0.0007,0.0006,1e-05,1790076534.2143166
1,0,5005,67.7,0.4609375,3.2477,0.3626,0.0578,0.0754,1e-05,1790076539.9364805
1,50,5055,58.3,0.89453125,0.7051,0.0935,0.0188,0.0046,1e-05,1790076760.2608492
1,100,5105,65.0,0.9375,0.2044,0.1929,0.0184,0.0222,1e-05,1790076934.1208603
1,150,5155,68.3,0.9765625,0.0823,0.0636,0.0123,0.0156,1e-05,1790077102.1459444
1,200,5205,70.6,0.96484375,0.1221,0.0689,0.0023,0.003,1e-05,1790077264.832866
1,250,5255,72.9,0.94921875,0.1944,0.0894,0.0486,0.0546,1e-05,1790077418.0375063
1,300,5305,74.2,0.97265625,0.1642,0.048,0.0258,0.0335,1e-05,1790077574.8837757
1,350,5355,75.0,0.96484375,0.1217,0.0795,0.024,0.024,1e-05,1790077733.7697704
1,400,5405,75.4,0.9296875,0.5329,0.0287,0.0017,0.0023,1e-05,1790077897.928019
1,450,5455,75.6,0.96875,0.2371,0.0267,0.0057,0.0051,1e-05,1790078063.1139119
1,500,5505,76.1,0.95703125,0.1262,0.0411,0.0439,0.0128,1e-05,1790078221.1988347
1,550,5555,76.3,0.9609375,0.2163,0.0892,0.0364,0.0334,1e-05,1790078383.7086895
1,600,5605,76.4,0.9375,0.2689,0.0477,0.004,0.0054,1e-05,1790078549.3711839
1,650,5655,76.6,0.9453125,0.3155,0.037,0.0092,0.0051,1e-05,1790078712.3721166
1,700,5705,76.6,0.96875,0.1196,0.0081,0.0054,0.0195,1e-05,1790078877.5752
1,750,5755,76.5,0.984375,0.0745,0.0465,0.015,0.0011,1e-05,1790079048.4717202
1,800,5805,76.6,0.90234375,0.5261,0.1437,0.0007,0.0006,1e-05,1790079213.8088286
1,850,5855,76.5,0.96484375,0.1698,0.0589,0.0004,0.0004,1e-05,1790079385.4398408
1,900,5905,76.4,0.98046875,0.0836,0.0458,0.0006,0.0004,1e-05,1790079555.0448437
1,950,5955,76.3,0.96484375,0.115,0.0466,0.0015,0.0009,1e-05,1790079725.8710072
1,1000,6005,76.2,0.94921875,0.3109,0.0692,0.0004,0.0004,1e-05,1790079897.9827278
1,1050,6055,76.2,0.90234375,0.3302,0.0817,0.0007,0.001,1e-05,1790080069.0148954
1,1100,6105,76.1,0.97265625,0.0858,0.0269,0.0049,0.0031,1e-05,1790080239.5419304
1,1150,6155,76.1,0.91796875,0.3119,0.0435,0.0437,0.0133,1e-05,1790080405.6950066
1,1200,6205,76.2,0.9609375,0.2196,0.0889,0.0194,0.0167,1e-05,1790080570.627185
1,1250,6255,76.1,0.984375,0.0496,0.0053,0.0006,0.0005,1e-05,1790080745.344776
1,1300,6305,76.0,0.9453125,0.2561,0.1219,0.0531,0.0142,1e-05,1790080919.1556726
1,1350,6355,75.9,0.93359375,0.305,0.1081,0.0102,0.0104,1e-05,1790081094.0251772
1,1400,6405,75.8,0.875,0.5585,0.0405,0.0246,0.0185,1e-05,1790081267.829639
1,1450,6455,75.8,0.9375,0.1836,0.0085,0.0014,0.001,1e-05,1790081436.9994345
1,1500,6505,75.7,0.95703125,0.1499,0.0049,0.0008,0.0004,1e-05,1790081614.4488432
1,1550,6555,75.6,0.96875,0.1364,0.0205,0.0369,0.0283,1e-05,1790081786.0653222
1,1600,6605,75.6,0.92578125,0.3949,0.1747,0.1349,0.0091,1e-05,1790081959.2630517
1,1650,6655,75.4,0.9296875,0.2555,0.098,0.0393,0.0047,1e-05,1790082139.7461302
1,1700,6705,75.3,0.9453125,0.2345,0.111,0.0525,0.0281,1e-05,1790082320.9781907
1,1750,6755,75.1,0.984375,0.0696,0.0929,0.0272,0.0231,1e-05,1790082505.1588604
1,1800,6805,74.9,0.9140625,0.3551,0.0654,0.0473,0.0452,1e-05,1790082689.4936233
1,1850,6855,74.8,0.94921875,0.1989,0.1178,0.0006,0.0005,1e-05,1790082869.8974853
1,1900,6905,74.8,0.97265625,0.0766,0.0607,0.0004,0.0006,1e-05,1790083045.6305435
1,1950,6955,74.7,0.9140625,0.4367,0.0777,0.0026,0.0026,1e-05,1790083222.1825058
1,2000,7005,74.6,0.9375,0.184,0.0519,0.0014,0.0006,1e-05,1790083400.5758295
1,2050,7055,74.5,0.94140625,0.2391,0.0868,0.0147,0.0005,1e-05,1790083580.0736778
1,2100,7105,74.6,0.94921875,0.2895,0.1424,0.0218,0.0166,1e-05,1790083745.0253105
1,2150,7155,74.7,0.96484375,0.0762,0.0089,0.0015,0.0009,1e-05,1790083911.8542218
1,2200,7205,74.7,0.921875,0.2718,0.0365,0.001,0.0013,1e-05,1790084078.748867
1,2250,7255,74.7,0.93359375,0.2686,0.0065,0.0142,0.0109,1e-05,1790084249.2093604
1,2300,7305,74.7,0.9609375,0.1668,0.0037,0.0016,0.0004,1e-05,1790084419.7506921
1,2350,7355,74.7,0.96875,0.0978,0.0382,0.0277,0.0163,1e-05,1790084593.9471445
1,2400,7405,74.7,0.9453125,0.3338,0.0688,0.0011,0.0007,1e-05,1790084769.6432815
1,2450,7455,74.2,0.9296875,0.2808,0.0162,0.0057,0.0042,1e-05,1790084989.5319963
1,2500,7505,74.0,0.96484375,0.1596,0.0357,0.0005,0.0005,1e-05,1790085190.8323452
1,2550,7555,74.0,0.94921875,0.1565,0.0495,0.0319,0.0028,1e-05,1790085366.4490278
1,2600,7605,73.9,0.98828125,0.0706,0.0543,0.0013,0.0026,1e-05,1790085545.6125147
1,2650,7655,73.9,0.94140625,0.2579,0.1063,0.0021,0.0032,1e-05,1790085713.830765
1,2700,7705,74.0,0.87890625,0.556,0.0958,0.0391,0.0326,1e-05,1790085886.0254292
1,2750,7755,73.9,0.9453125,0.2151,0.1103,0.0537,0.0059,1e-05,1790086063.540741
1,2800,7805,73.9,0.90625,0.3271,0.3069,0.0635,0.0027,1e-05,1790086243.778739
1,2850,7855,73.8,0.9140625,0.366,0.0543,0.0086,0.0001,1e-05,1790086422.24789
1,2900,7905,73.8,0.98046875,0.062,0.1245,0.0659,0.061,1e-05,1790086594.7818186
1,2950,7955,73.9,0.97265625,0.071,0.0187,0.0018,0.0012,1e-05,1790086765.754793
1,3000,8005,73.9,0.9375,0.3337,0.0603,0.0002,0.0003,1e-05,1790086936.2778106
1,3050,8055,73.9,0.9453125,0.2315,0.1059,0.0428,0.0,1e-05,1790087110.3814518
1,3100,8105,73.9,0.921875,0.5876,0.0483,0.0221,0.0046,1e-05,1790087282.6191123
1,3150,8155,73.8,0.94921875,0.1968,0.0884,0.0235,0.0084,1e-05,1790087459.4649694
1,3200,8205,73.9,0.92578125,0.3446,0.1049,0.0482,0.0193,1e-05,1790087627.4974835
1,3250,8255,73.9,0.9296875,0.2345,0.0275,0.0019,0.002,1e-05,1790087797.388607
1,3300,8305,73.9,0.9140625,0.3141,0.0249,0.0122,0.0078,1e-05,1790087969.5662947
1,3350,8355,73.9,0.9140625,0.2498,0.0266,0.0012,0.0014,1e-05,1790088144.5652766
1,3400,8405,73.9,0.89453125,0.6108,0.3225,0.0026,0.0016,1e-05,1790088317.4264174
1,3450,8455,73.9,0.88671875,0.427,0.0318,0.0016,0.0009,1e-05,1790088484.1566577
1,3500,8505,74.0,0.9140625,0.3669,0.0161,0.001,0.0008,1e-05,1790088645.6160715
1,3550,8555,74.1,0.94921875,0.1352,0.0108,0.0022,0.0031,1e-05,1790088808.7196496
1,3600,8605,74.1,0.90625,0.3418,0.2611,0.0105,0.0076,1e-05,1790088978.2057433
1,3650,8655,74.1,0.91015625,0.4715,0.0348,0.0294,0.0224,1e-05,1790089152.2480505
1,3700,8705,74.1,0.96875,0.127,0.1007,0.0066,0.0017,1e-05,1790089326.6674166
1,3750,8755,74.1,0.9140625,0.2223,0.0489,0.0277,0.0066,1e-05,1790089501.719482
1,3800,8805,74.0,0.93359375,0.1974,0.0653,0.0431,0.0008,1e-05,1790089676.8423147
1,3850,8855,74.0,0.94140625,0.3128,0.0788,0.0196,0.0558,1e-05,1790089854.320829
1,3900,8905,74.0,0.9296875,0.2737,0.0493,0.0047,0.0014,1e-05,1790090029.3567164
1,3950,8955,74.0,0.90234375,0.4258,0.0841,0.0013,0.0009,1e-05,1790090203.9689145
1,4000,9005,74.0,0.9453125,0.1975,0.0894,0.0005,0.0005,1e-05,1790090381.6314383
1,4050,9055,74.0,0.90234375,0.621,0.1084,0.0334,0.003,1e-05,1790090554.1811314
1,4100,9105,74.0,0.921875,0.319,0.0452,0.001,0.0002,1e-05,1790090724.326957
1,4150,9155,74.0,0.96484375,0.0873,0.0097,0.0015,0.0013,1e-05,1790090893.874377
1,4200,9205,74.0,0.921875,0.4432,0.1787,0.0012,0.0003,1e-05,1790091064.4041388
1,4250,9255,74.0,0.9296875,0.2478,0.0574,0.0042,0.0006,1e-05,1790091235.2107985
1,4300,9305,74.1,0.94140625,0.2032,0.048,0.0196,0.0217,1e-05,1790091404.0271082
1,4350,9355,74.1,0.96875,0.1423,0.005,0.0088,0.0001,1e-05,1790091571.2194285
1,4400,9405,74.1,0.90625,0.4777,0.289,0.3954,0.0003,1e-05,1790091741.2734632
1,4450,9455,74.1,0.921875,0.2574,0.0688,0.059,0.0283,1e-05,1790091908.533566
1,4500,9505,74.1,0.94140625,0.3202,0.0734,0.0173,0.0031,1e-05,1790092077.617101
1,4550,9555,74.1,0.9375,0.3013,0.0599,0.0162,0.0008,1e-05,1790092249.3754978
1,4600,9605,74.2,0.9375,0.1911,0.1204,0.098,0.1357,1e-05,1790092419.6407824
1,4650,9655,74.2,0.93359375,0.2607,0.1159,0.0538,0.0497,1e-05,1790092589.376783
1,4700,9705,74.2,0.93359375,0.2499,0.0171,0.0011,0.0015,1e-05,1790092757.7996624
1,4750,9755,74.2,0.984375,0.0687,0.0605,0.0069,0.0052,1e-05,1790092926.2143373
1,4800,9805,74.3,0.9453125,0.2362,0.4155,0.4178,0.0254,1e-05,1790093083.816628
1,4850,9855,74.3,0.92578125,0.4223,0.0412,0.0048,0.0153,1e-05,1790093245.4088652
1,4900,9905,74.4,0.98828125,0.1043,0.0175,0.0037,0.0001,1e-05,1790093404.2817965
1,4950,9955,74.6,0.98828125,0.0352,0.0056,0.0014,0.0,1e-05,1790093522.11684
1,5000,10005,75.0,0.98046875,0.059,0.0583,0.0003,0.0,1e-05,1790093608.6418762
1,5003,10008,75.0,0.98046875,0.0586,0.0021,0.0001,0.0,1e-05,1790093613.1011665
2,0,10009,68.2,0.4140625,3.3011,0.8777,0.2353,0.2006,1e-05,1790093632.796431
2,50,10059,65.6,0.9140625,0.2786,0.0388,0.0009,0.0008,1e-05,1790093828.1907604
2,100,10109,72.8,0.94921875,0.1918,0.0253,0.0008,0.0012,1e-05,1790093984.0314133
2,150,10159,75.7,0.953125,0.152,0.0156,0.0094,0.0059,1e-05,1790094139.4267182
2,200,10209,77.3,0.98046875,0.0666,0.0352,0.0002,0.0002,1e-05,1790094294.3797348
2,250,10259,79.0,0.90234375,0.4587,0.0331,0.0004,0.0005,1e-05,1790094442.6443577
2,300,10309,80.4,0.9609375,0.1656,0.0417,0.0003,0.0004,1e-05,1790094587.6456177
2,350,10359,81.7,0.96484375,0.1199,0.0796,0.0002,0.0003,1e-05,1790094728.2350569
2,400,10409,83.2,0.93359375,0.3819,0.0478,0.0044,0.003,1e-05,1790094863.492615
2,450,10459,84.1,0.90234375,0.3199,0.1615,0.0703,0.0154,1e-05,1790095002.389102
2,500,10509,84.4,0.96484375,0.1336,0.0824,0.0266,0.002,1e-05,1790095148.127528
2,550,10559,84.8,0.96875,0.1017,0.0609,0.0341,0.0027,1e-05,1790095291.9973874
2,600,10609,84.9,0.94921875,0.2243,0.0299,0.0001,0.0001,1e-05,1790095441.347301
2,650,10659,84.8,0.91796875,0.3811,0.2191,0.0173,0.0131,1e-05,1790095594.8762326
2,700,10709,84.4,0.97265625,0.1332,0.0642,0.0103,0.0207,1e-05,1790095756.2972553
2,750,10759,84.2,0.984375,0.0735,0.05,0.0025,0.0025,1e-05,1790095911.864577
2,800,10809,84.0,0.94140625,0.246,0.1035,0.0168,0.0012,1e-05,1790096069.1241267
2,850,10859,83.7,0.953125,0.1789,0.0108,0.0001,0.0001,1e-05,1790096232.1857786
2,900,10909,83.3,0.99609375,0.0317,0.0631,0.0491,0.0358,1e-05,1790096397.594456
2,950,10959,82.9,0.98828125,0.0491,0.0219,0.0038,0.0009,1e-05,1790096564.107446
2,1000,11009,82.6,0.953125,0.2261,0.043,0.0251,0.0034,1e-05,1790096730.2266126
2,1050,11059,82.4,0.94921875,0.2514,0.0877,0.0351,0.0056,1e-05,1790096894.6994472
2,1100,11109,82.1,0.98046875,0.0926,0.0309,0.0003,0.0001,1e-05,1790097060.081838
2,1150,11159,82.0,0.98046875,0.071,0.0839,0.0412,0.029,1e-05,1790097221.8809557
2,1200,11209,82.0,0.9765625,0.0589,0.0064,0.0003,0.0004,1e-05,1790097380.604813
2,1250,11259,82.0,0.98046875,0.1264,0.0314,0.0009,0.0007,1e-05,1790097534.7938187
2,1300,11309,81.9,0.96484375,0.1486,0.0662,0.0066,0.0032,1e-05,1790097696.439048
2,1350,11359,81.7,0.953125,0.1668,0.0665,0.0397,0.0226,1e-05,1790097859.7464643
2,1400,11409,81.7,0.95703125,0.2138,0.0287,0.0003,0.0002,1e-05,1790098020.6774702
2,1450,11459,81.6,0.91015625,0.3284,0.1619,0.0002,0.0001,1e-05,1790098182.6654785
2,1500,11509,81.5,0.921875,0.2843,0.0723,0.023,0.0163,1e-05,1790098346.344448
2,1550,11559,81.3,0.9453125,0.201,0.1405,0.1017,0.0981,1e-05,1790098512.6117587
2,1600,11609,81.2,0.9375,0.3162,0.0187,0.0066,0.0029,1e-05,1790098677.4266436
2,1650,11659,81.1,0.984375,0.0834,0.0312,0.0257,0.0089,1e-05,1790098840.0717165
2,1700,11709,81.0,0.953125,0.0821,0.0159,0.0056,0.0081,1e-05,1790099002.8358498
2,1750,11759,81.0,0.95703125,0.1286,0.0048,0.0013,0.0005,1e-05,1790099166.1169186
2,1800,11809,80.9,0.9140625,0.2483,0.2786,0.0003,0.0004,1e-05,1790099330.5314634
2,1850,11859,80.8,0.984375,0.0858,0.0268,0.0048,0.0028,1e-05,1790099493.2936115
2,1900,11909,80.8,0.984375,0.0516,0.0204,0.0002,0.0001,1e-05,1790099653.2060382
2,1950,11959,80.8,0.95703125,0.2082,0.0246,0.0207,0.0282,1e-05,1790099813.226298
2,2000,12009,80.8,0.93359375,0.4023,0.0179,0.0001,0.0001,1e-05,1790099970.1022005
2,2050,12059,80.8,0.9453125,0.1819,0.0374,0.0004,0.0002,1e-05,1790100128.8723326
2,2100,12109,80.8,0.97265625,0.1403,0.045,0.0088,0.0096,1e-05,1790100286.9485245
2,2150,12159,80.7,0.96484375,0.1399,0.0068,0.011,0.0065,1e-05,1790100449.6039517
2,2200,12209,80.7,0.953125,0.1643,0.0291,0.0002,0.0001,1e-05,1790100614.7868083
2,2250,12259,80.6,0.96875,0.1042,0.0234,0.0007,0.001,1e-05,1790100778.5598247
2,2300,12309,80.6,0.94921875,0.1606,0.0273,0.0003,0.0003,1e-05,1790100936.3033597
2,2350,12359,80.6,0.921875,0.1865,0.081,0.0518,0.0149,1e-05,1790101098.0983863
2,2400,12409,80.5,0.89453125,0.5949,0.2431,0.0058,0.0001,1e-05,1790101265.7790926
2,2450,12459,80.5,0.953125,0.18,0.1441,0.0011,0.0004,1e-05,1790101427.701843
2,2500,12509,80.4,0.953125,0.109,0.0315,0.0006,0.0002,1e-05,1790101591.9712021
2,2550,12559,80.4,0.94921875,0.1519,0.036,0.0005,0.0002,1e-05,1790101753.416061
2,2600,12609,80.4,0.91015625,0.3328,0.0911,0.0403,0.0345,1e-05,1790101915.640075
2,2650,12659,80.3,0.90234375,0.3891,0.0184,0.0065,0.0093,1e-05,1790102076.9418516
2,2700,12709,80.3,0.97265625,0.0619,0.0562,0.0168,0.0013,1e-05,1790102238.299005
2,2750,12759,80.3,0.9609375,0.1749,0.0566,0.0069,0.0014,1e-05,1790102401.9234765
2,2800,12809,80.3,0.89453125,0.3962,0.0867,0.0229,0.0117,1e-05,1790102563.280726
2,2850,12859,80.2,0.9765625,0.0872,0.0568,0.0025,0.0007,1e-05,1790102724.9285753
2,2900,12909,80.2,0.984375,0.0716,0.0537,0.0177,0.0004,1e-05,1790102883.6793456
2,2950,12959,80.3,0.95703125,0.1666,0.0898,0.0002,0.0002,1e-05,1790103040.8041108
2,3000,13009,80.2,0.90234375,0.4839,0.0845,0.0543,0.0784,1e-05,1790103204.5283778
2,3050,13059,80.2,0.98046875,0.058,0.0517,0.015,0.0045,1e-05,1790103370.758272
2,3100,13109,80.1,0.94921875,0.2472,0.0685,0.0051,0.0038,1e-05,1790103535.24112
2,3150,13159,80.1,0.95703125,0.1687,0.0331,0.0011,0.0011,1e-05,1790103695.0576136
2,3200,13209,80.1,0.90625,0.3518,0.0035,0.0006,0.0011,1e-05,1790103855.9402819
2,3250,13259,80.1,0.953125,0.2885,0.0387,0.0014,0.0012,1e-05,1790104016.9641113
2,3300,13309,80.1,0.95703125,0.1713,0.0678,0.0316,0.0029,1e-05,1790104179.4658806
2,3350,13359,80.1,0.94140625,0.3245,0.0104,0.0001,0.0001,1e-05,1790104341.6317527
2,3400,13409,80.1,0.94140625,0.2843,0.0887,0.0391,0.034,1e-05,1790104504.586275
2,3450,13459,80.0,0.97265625,0.11,0.0251,0.0083,0.0076,1e-05,1790104668.6823795
2,3500,13509,80.0,0.9453125,0.267,0.1397,0.0702,0.0848,1e-05,1790104830.9867985
2,3550,13559,80.0,0.9609375,0.1534,0.095,0.0721,0.0452,1e-05,1790104992.9960117
2,3600,13609,79.9,0.92578125,0.3169,0.0809,0.0706,0.0405,1e-05,1790105159.6059883
2,3650,13659,79.9,0.93359375,0.2537,0.0061,0.0003,0.0002,1e-05,1790105321.4017227
2,3700,13709,79.9,0.92578125,0.2405,0.0079,0.0005,0.0002,1e-05,1790105483.8890054
2,3750,13759,79.9,0.9609375,0.1415,0.0732,0.0114,0.0149,1e-05,1790105646.3525984
2,3800,13809,79.9,0.90234375,0.4507,0.0215,0.0041,0.003,1e-05,1790105806.2103174
2,3850,13859,79.9,0.9296875,0.3105,0.0457,0.0009,0.0005,1e-05,1790105966.1154125
2,3900,13909,79.9,0.97265625,0.1054,0.0225,0.0006,0.0011,1e-05,1790106126.4687252
2,3950,13959,79.9,0.9765625,0.0753,0.0189,0.0005,0.0026,1e-05,1790106290.7776456
2,4000,14009,79.9,0.90234375,0.3723,0.0583,0.006,0.0148,1e-05,1790106454.52926
2,4050,14059,79.9,0.9296875,0.2665,0.0227,0.0007,0.0005,1e-05,1790106614.067511
2,4100,14109,79.9,0.9140625,0.2494,0.0703,0.053,0.0323,1e-05,1790106775.4431286
2,4150,14159,79.8,0.97265625,0.1407,0.0685,0.0176,0.0179,1e-05,1790106939.6920435
2,4200,14209,79.8,0.9296875,0.3007,0.083,0.0235,0.0002,1e-05,1790107103.356152
2,4250,14259,79.8,0.9140625,0.3574,0.0724,0.0018,0.0034,1e-05,1790107268.8581398
2,4300,14309,79.7,0.93359375,0.2331,0.0716,0.0235,0.0269,1e-05,1790107436.3397155
2,4350,14359,79.7,0.96484375,0.1144,0.0072,0.0003,0.0003,1e-05,1790107599.5642807
2,4400,14409,79.7,0.91015625,0.295,0.0234,0.0011,0.0006,1e-05,1790107761.226747
2,4450,14459,79.7,0.9375,0.4951,0.1172,0.0147,0.0035,1e-05,1790107925.3221638
2,4500,14509,79.7,0.94140625,0.2133,0.0073,0.0005,0.0002,1e-05,1790108088.5888524
2,4550,14559,79.7,0.97265625,0.0967,0.0569,0.0058,0.0062,1e-05,1790108251.0035262
2,4600,14609,79.7,0.953125,0.2023,0.0459,0.0045,0.0014,1e-05,1790108415.7029665
2,4650,14659,79.6,0.94140625,0.2784,0.0492,0.0305,0.0296,1e-05,1790108580.5193238
2,4700,14709,79.6,0.9296875,0.3483,0.0701,0.0238,0.0003,1e-05,1790108744.4557893
2,4750,14759,79.6,0.953125,0.1943,0.0335,0.0184,0.0213,1e-05,1790108906.9767566
2,4800,14809,79.6,0.921875,0.3142,0.0694,0.0158,0.0033,1e-05,1790109070.3573604
2,4850,14859,79.6,0.93359375,0.3311,0.0227,0.0094,0.0007,1e-05,1790109234.4092624
2,4900,14909,79.6,0.96484375,0.1214,0.0382,0.0005,0.0002,1e-05,1790109389.7303276
2,4950,14959,79.8,0.96484375,0.141,0.0086,0.0107,0.0011,1e-05,1790109508.4154267
2,5000,15009,80.2,0.9765625,0.0899,0.0018,0.0001,0.0,1e-05,1790109594.4372194
2,5003,15012,80.2,0.97265625,0.1064,0.0013,0.0003,0.0,1e-05,1790109599.529605
3,0,15013,64.9,0.58203125,2.3607,0.4767,0.0281,0.023,1e-05,1790109619.1393325
3,50,15063,65.7,0.96875,0.0956,0.0361,0.0017,0.0023,1e-05,1790109813.8942387
3,100,15113,72.6,0.9609375,0.1215,0.0559,0.0092,0.0074,1e-05,1790109971.4994886
3,150,15163,76.4,0.97265625,0.08,0.0091,0.0002,0.0003,1e-05,1790110120.975633
3,200,15213,78.0,0.90625,0.3589,0.1047,0.074,0.0017,1e-05,1790110274.5869076
3,250,15263,79.1,0.94140625,0.3097,0.059,0.0176,0.0007,1e-05,1790110427.0296707
3,300,15313,79.4,0.9765625,0.0721,0.011,0.003,0.0024,1e-05,1790110585.7662497
3,350,15363,80.0,0.9765625,0.076,0.0327,0.0117,0.0211,1e-05,1790110738.8606036
3,400,15413,80.6,0.9296875,0.2808,0.0292,0.008,0.0008,1e-05,1790110888.130335
3,450,15463,81.0,0.9765625,0.0791,0.0289,0.0285,0.0188,1e-05,1790111039.988093
3,500,15513,80.7,0.9609375,0.1543,0.0798,0.0494,0.0277,1e-05,1790111204.0173314
3,550,15563,80.5,0.9453125,0.1647,0.0121,0.009,0.0027,1e-05,1790111366.6104233
3,600,15613,80.7,0.9296875,0.3006,0.0217,0.0278,0.0291,1e-05,1790111521.9268034
3,650,15663,80.9,0.8671875,0.4496,0.0431,0.051,0.0479,1e-05,1790111675.010785
3,700,15713,80.9,0.91796875,0.2815,0.0187,0.0027,0.0016,1e-05,1790111834.042694
3,750,15763,80.9,0.94921875,0.2037,0.0345,0.0024,0.0003,1e-05,1790111991.3632343
3,800,15813,80.8,0.91796875,0.2987,0.0671,0.039,0.0026,1e-05,1790112154.3502831
3,850,15863,80.7,0.96484375,0.1568,0.0697,0.0066,0.002,1e-05,1790112313.86718
3,900,15913,80.6,0.9453125,0.1687,0.0054,0.0002,0.0001,1e-05,1790112476.9130263
3,950,15963,80.8,0.9609375,0.1455,0.0343,0.0029,0.0002,1e-05,1790112628.9975657
3,1000,16013,80.9,0.953125,0.1313,0.0861,0.045,0.0419,1e-05,1790112783.0594432
3,1050,16063,80.9,0.9453125,0.1907,0.0249,0.0018,0.0018,1e-05,1790112939.2080526
3,1100,16113,80.9,0.98828125,0.0791,0.0329,0.014,0.0203,1e-05,1790113099.763825
3,1150,16163,80.7,0.9921875,0.0264,0.028,0.0006,0.0001,1e-05,1790113264.2458637
3,1200,16213,80.6,0.9453125,0.2924,0.0613,0.0004,0.0001,1e-05,1790113427.8311138
3,1250,16263,80.5,0.95703125,0.1435,0.0337,0.0011,0.0009,1e-05,1790113591.2523475
3,1300,16313,80.4,0.98828125,0.0407,0.0189,0.0014,0.001,1e-05,1790113755.738079
3,1350,16363,80.3,0.97265625,0.0589,0.02,0.0001,0.0001,1e-05,1790113921.3980029
3,1400,16413,80.2,0.95703125,0.1531,0.099,0.0331,0.0,1e-05,1790114085.337632
3,1450,16463,80.1,0.953125,0.1616,0.0579,0.0264,0.0192,1e-05,1790114250.6321483
3,1500,16513,80.1,0.96875,0.1032,0.0946,0.1231,0.0007,1e-05,1790114410.4193842
3,1550,16563,80.1,0.9609375,0.1552,0.1047,0.0202,0.0005,1e-05,1790114570.0860157
3,1600,16613,80.1,0.91796875,0.5273,0.0043,0.0002,0.0001,1e-05,1790114732.042017
3,1650,16663,80.1,0.9375,0.2679,0.0651,0.0323,0.0297,1e-05,1790114893.6723864
3,1700,16713,80.1,0.96484375,0.1459,0.0166,0.0008,0.0003,1e-05,1790115049.9007964
3,1750,16763,80.2,0.984375,0.0453,0.0522,0.0005,0.0005,1e-05,1790115207.4193623
3,1800,16813,80.2,0.91796875,0.3061,0.0182,0.0001,0.0001,1e-05,1790115367.1323807
3,1850,16863,80.2,0.94921875,0.1688,0.0471,0.0008,0.0003,1e-05,1790115525.8385952
3,1900,16913,80.1,0.96484375,0.0728,0.0095,0.0008,0.0002,1e-05,1790115690.1642165
3,1950,16963,80.1,0.95703125,0.1543,0.016,0.0011,0.0002,1e-05,1790115853.6995907
3,2000,17013,80.0,0.98828125,0.0534,0.0965,0.0243,0.0055,1e-05,1790116016.403424
3,2050,17063,80.0,0.95703125,0.1492,0.075,0.0145,0.0151,1e-05,1790116182.0241578
3,2100,17113,80.0,0.96875,0.0916,0.0092,0.0004,0.0,1e-05,1790116342.2639937
3,2150,17163,79.9,0.9609375,0.1331,0.2026,0.0263,0.0191,1e-05,1790116503.5226915
3,2200,17213,79.9,0.96484375,0.0991,0.0038,0.0052,0.0003,1e-05,1790116666.7538924
3,2250,17263,79.9,0.98046875,0.0556,0.0469,0.0151,0.0119,1e-05,1790116829.5431538
3,2300,17313,79.9,0.94921875,0.1736,0.0421,0.0152,0.0002,1e-05,1790116989.329051
3,2350,17363,79.8,0.984375,0.0521,0.0471,0.01,0.0083,1e-05,1790117152.7429578
3,2400,17413,79.8,0.93359375,0.2201,0.028,0.0014,0.0015,1e-05,1790117315.8181062
3,2450,17463,79.7,0.93359375,0.3094,0.0151,0.0033,0.0004,1e-05,1790117483.2585824
3,2500,17513,79.7,0.9453125,0.1883,0.0121,0.0065,0.008,1e-05,1790117646.5623436
3,2550,17563,79.7,0.953125,0.1336,0.0816,0.0243,0.0284,1e-05,1790117807.2760642
3,2600,17613,79.8,0.96484375,0.1268,0.0201,0.0093,0.0084,1e-05,1790117964.0218961
3,2650,17663,79.7,0.96875,0.1156,0.0647,0.0023,0.0004,1e-05,1790118128.7205431
3,2700,17713,79.7,0.984375,0.0644,0.0683,0.0006,0.0001,1e-05,1790118292.4683025
3,2750,17763,79.6,0.98046875,0.0797,0.0435,0.0068,0.0005,1e-05,1790118459.8557105
3,2800,17813,79.6,0.91796875,0.3775,0.0785,0.0126,0.0146,1e-05,1790118623.6653936
3,2850,17863,79.5,0.9296875,0.2315,0.1648,0.0677,0.0691,1e-05,1790118791.7951248
3,2900,17913,79.5,0.9765625,0.0991,0.0483,0.0245,0.0008,1e-05,1790118958.3467405
3,2950,17963,79.5,0.953125,0.1456,0.0872,0.0046,0.0017,1e-05,1790119121.9965377
3,3000,18013,79.5,0.9296875,0.2706,0.3715,0.0015,0.0002,1e-05,1790119283.8451643
3,3050,18063,79.4,0.92578125,0.3799,0.4444,0.203,0.2057,1e-05,1790119451.5694687
3,3100,18113,79.4,0.96875,0.0969,0.0047,0.0003,0.0001,1e-05,1790119617.1785297
3,3150,18163,79.3,0.98828125,0.1411,0.0192,0.0008,0.0006,1e-05,1790119781.3106885
3,3200,18213,79.3,0.9296875,0.5209,0.0697,0.0305,0.0026,1e-05,1790119945.9100623
3,3250,18263,79.3,0.95703125,0.1898,0.032,0.046,0.0324,1e-05,1790120110.999397
3,3300,18313,79.3,0.953125,0.1889,0.1017,0.0017,0.0006,1e-05,1790120272.9205594
3,3350,18363,79.3,0.9375,0.233,0.0687,0.0028,0.0018,1e-05,1790120435.3279655
3,3400,18413,79.3,0.9140625,0.2452,0.0362,0.0049,0.0025,1e-05,1790120595.673092
3,3450,18463,79.3,0.90625,0.3761,0.0248,0.0109,0.0012,1e-05,1790120757.0060682
3,3500,18513,79.3,0.9765625,0.0765,0.0387,0.0038,0.0016,1e-05,1790120923.2710006
3,3550,18563,79.2,0.96484375,0.0815,0.0416,0.0003,0.0001,1e-05,1790121088.1022098
3,3600,18613,79.2,0.97265625,0.0959,0.0191,0.0007,0.0005,1e-05,1790121252.5362334
3,3650,18663,79.2,0.9140625,0.3963,0.006,0.003,0.0016,1e-05,1790121415.855153
3,3700,18713,79.2,0.93359375,0.32,0.1598,0.0591,0.0008,1e-05,1790121579.5418956
3,3750,18763,79.2,0.98046875,0.0777,0.0224,0.007,0.002,1e-05,1790121744.073329
3,3800,18813,79.2,0.90625,0.376,0.0244,0.0029,0.0004,1e-05,1790121902.839845
3,3850,18863,79.2,0.96875,0.0949,0.0371,0.0009,0.0002,1e-05,1790122062.8829443
3,3900,18913,79.2,0.953125,0.1793,0.0621,0.0056,0.0001,1e-05,1790122221.795045
3,3950,18963,79.2,0.98828125,0.062,0.0391,0.0068,0.0066,1e-05,1790122381.184946
3,4000,19013,79.2,0.921875,0.8352,0.4443,0.53,0.0001,1e-05,1790122544.9008048
3,4050,19063,79.2,0.9609375,0.1547,0.0151,0.0006,0.0002,1e-05,1790122708.2737265
3,4100,19113,79.2,0.9765625,0.1503,0.022,0.0225,0.0008,1e-05,1790122871.6175096
3,4150,19163,79.2,0.96875,0.1145,0.0419,0.0016,0.0001,1e-05,1790123030.8944283
3,4200,19213,79.2,0.95703125,0.1541,0.0579,0.0057,0.0061,1e-05,1790123195.6918252
3,4250,19263,79.2,0.90234375,0.5091,0.2009,0.1012,0.1016,1e-05,1790123359.02498
3,4300,19313,79.2,0.953125,0.1984,0.0329,0.0091,0.0108,1e-05,1790123522.572766
3,4350,19363,79.2,0.9296875,0.2689,0.1158,0.0141,0.0156,1e-05,1790123687.2369943
3,4400,19413,79.1,0.9375,0.3154,0.023,0.0003,0.0001,1e-05,1790123853.683484
3,4450,19463,79.1,0.9296875,0.3038,0.0257,0.0028,0.0032,1e-05,1790124017.4642565
3,4500,19513,79.1,0.98046875,0.061,0.0356,0.0002,0.0001,1e-05,1790124179.800368
3,4550,19563,79.1,0.95703125,0.2306,0.0039,0.0,0.0,1e-05,1790124342.0980031
3,4600,19613,79.1,0.921875,0.3172,0.0128,0.0002,0.0001,1e-05,1790124507.1471505
3,4650,19663,79.1,0.94921875,0.2038,0.0254,0.0128,0.0028,1e-05,1790124668.842939
3,4700,19713,79.1,0.9375,0.3149,0.0321,0.0016,0.0002,1e-05,1790124834.735917
3,4750,19763,79.1,0.97265625,0.1075,0.0583,0.0005,0.0007,1e-05,1790124997.6154377
3,4800,19813,79.1,0.8828125,0.4314,0.2419,0.0917,0.0475,1e-05,1790125157.8392608
3,4850,19863,79.1,0.9375,0.1551,0.1232,0.046,0.0004,1e-05,1790125323.3235552
3,4900,19913,79.1,0.97265625,0.0832,0.036,0.0124,0.008,1e-05,1790125483.1345654
3,4950,19963,79.3,0.96875,0.0752,0.0457,0.0002,0.0001,1e-05,1790125602.3817434
3,5000,20013,79.6,0.98828125,0.0265,0.0058,0.0043,0.0073,1e-05,1790125688.93598
3,5003,20016,79.7,0.98828125,0.0319,0.0068,0.0002,0.0,1e-05,1790125693.7705643
4,0,20017,69.1,0.609375,1.852,0.2297,0.1149,0.1254,1e-05,1790125712.931146
4,50,20067,73.4,0.9765625,0.0856,0.0153,0.0006,0.0003,1e-05,1790125887.1141968
4,100,20117,79.6,0.94921875,0.2511,0.049,0.0002,0.0001,1e-05,1790126033.890009
4,150,20167,84.6,0.98046875,0.0933,0.0379,0.0003,0.0004,1e-05,1790126165.9896264
4,200,20217,87.7,0.9453125,0.1568,0.0361,0.0021,0.0034,1e-05,1790126295.6353946
4,250,20267,88.5,0.98046875,0.0505,0.003,0.0001,0.0,1e-05,1790126435.6753755
4,300,20317,88.2,0.98046875,0.1233,0.0221,0.0001,0.0001,1e-05,1790126582.6915126
4,350,20367,86.9,0.96875,0.0931,0.0197,0.0103,0.0046,1e-05,1790126743.3279114
4,400,20417,86.0,0.9375,0.237,0.0353,0.0263,0.0305,1e-05,1790126902.7582273
4,450,20467,85.7,0.94921875,0.1655,0.0366,0.0264,0.0024,1e-05,1790127056.8408332
4,500,20517,85.3,0.97265625,0.1105,0.0158,0.0,0.0,1e-05,1790127212.3302345
4,550,20567,85.2,0.98046875,0.0503,0.0087,0.0002,0.0001,1e-05,1790127364.594458
4,600,20617,85.6,0.96484375,0.1602,0.0306,0.0007,0.0004,1e-05,1790127505.9731407
4,650,20667,85.8,0.92578125,0.2383,0.0176,0.0001,0.0,1e-05,1790127651.258131
4,700,20717,85.7,0.98046875,0.079,0.0193,0.0018,0.0034,1e-05,1790127803.300603
4,750,20767,85.5,0.95703125,0.1682,0.0096,0.0076,0.0109,1e-05,1790127956.5872028
4,800,20817,85.7,0.96484375,0.1536,0.0273,0.0008,0.0005,1e-05,1790128103.1814601
4,850,20867,85.7,0.98046875,0.071,0.0753,0.0016,0.0,1e-05,1790128252.6763773
4,900,20917,85.7,0.96484375,0.1271,0.0064,0.0001,0.0001,1e-05,1790128401.7475724
4,950,20967,85.6,0.9765625,0.0903,0.0046,0.0001,0.0001,1e-05,1790128553.5268025
4,1000,21017,85.2,0.92578125,0.5319,0.1607,0.0206,0.0241,1e-05,1790128715.2851503
4,1050,21067,84.9,0.94140625,0.1716,0.1441,0.1079,0.0002,1e-05,1790128877.7519374
4,1100,21117,84.6,0.953125,0.1227,0.0427,0.022,0.0036,1e-05,1790129042.2549562
4,1150,21167,84.4,0.96875,0.096,0.005,0.0019,0.0001,1e-05,1790129201.7458482
4,1200,21217,84.2,0.93359375,0.3419,0.0641,0.0002,0.0,1e-05,1790129359.31695
4,1250,21267,84.1,0.9765625,0.0811,0.0365,0.0362,0.0358,1e-05,1790129518.3632834
4,1300,21317,83.9,0.97265625,0.0716,0.054,0.0005,0.0004,1e-05,1790129681.0980084
4,1350,21367,83.6,0.98828125,0.0551,0.0106,0.0002,0.0001,1e-05,1790129846.967569
4,1400,21417,83.4,0.97265625,0.1075,0.0666,0.0002,0.0008,1e-05,1790130010.3859158
4,1450,21467,83.2,0.95703125,0.1463,0.0344,0.0006,0.0021,1e-05,1790130173.3984344
4,1500,21517,83.0,0.96875,0.0925,0.0467,0.0425,0.0001,1e-05,1790130338.8375137
4,1550,21567,82.8,0.9609375,0.1329,0.0711,0.0074,0.0001,1e-05,1790130504.144734
4,1600,21617,82.6,0.96875,0.1047,0.041,0.0007,0.0011,1e-05,1790130668.3646526
4,1650,21667,82.5,0.9765625,0.0961,0.0221,0.0027,0.0001,1e-05,1790130833.8619254
4,1700,21717,82.3,0.9453125,0.3003,0.0806,0.021,0.0237,1e-05,1790130998.2380733
4,1750,21767,82.3,0.98046875,0.0483,0.0165,0.0089,0.0131,1e-05,1790131158.6677833
4,1800,21817,82.1,0.91796875,0.3282,0.0246,0.0002,0.0001,1e-05,1790131322.158867
4,1850,21867,82.0,0.94921875,0.1485,0.0103,0.0001,0.0002,1e-05,1790131488.2008064
4,1900,21917,81.8,0.96875,0.0942,0.0353,0.0001,0.0001,1e-05,1790131655.5371308
4,1950,21967,81.7,0.96875,0.1229,0.0237,0.0019,0.004,1e-05,1790131819.9888434
4,2000,22017,81.6,0.96484375,0.1498,0.0433,0.0004,0.0009,1e-05,1790131985.6381862
4,2050,22067,81.5,0.9375,0.2411,0.0057,0.0002,0.0001,1e-05,1790132151.265655
4,2100,22117,81.4,0.9765625,0.0766,0.0446,0.0053,0.0037,1e-05,1790132315.5854053
4,2150,22167,81.4,0.96875,0.0848,0.0369,0.0268,0.0267,1e-05,1790132476.464197
4,2200,22217,81.4,0.91796875,0.3227,0.1162,0.0053,0.0066,1e-05,1790132632.6107256
4,2250,22267,81.3,0.97265625,0.148,0.0363,0.0014,0.0008,1e-05,1790132793.7754147
4,2300,22317,81.3,0.9609375,0.147,0.0793,0.0006,0.0,1e-05,1790132957.6536884
4,2350,22367,81.2,0.98046875,0.0612,0.0457,0.0009,0.0001,1e-05,1790133123.8235576
4,2400,22417,81.1,0.93359375,0.3491,0.067,0.034,0.0,1e-05,1790133290.8985507
4,2450,22467,81.0,0.953125,0.2102,0.0037,0.0124,0.0,1e-05,1790133453.6721013
4,2500,22517,80.9,0.9765625,0.1057,0.0081,0.0005,0.0,1e-05,1790133620.5785697
4,2550,22567,80.9,0.98046875,0.073,0.0162,0.0001,0.0001,1e-05,1790133785.684609
4,2600,22617,80.8,0.94921875,0.3333,0.2555,0.1391,0.0001,1e-05,1790133946.8997216
4,2650,22667,80.8,0.9375,0.3386,0.0344,0.0001,0.0001,1e-05,1790134110.2518766
4,2700,22717,80.8,0.96875,0.0948,0.0043,0.0094,0.0009,1e-05,1790134272.0973382
4,2750,22767,80.7,0.95703125,0.1787,0.0037,0.0003,0.0002,1e-05,1790134434.8802252
4,2800,22817,80.7,0.921875,0.4909,0.0511,0.0923,0.0027,1e-05,1790134599.1271534
4,2850,22867,80.6,0.96875,0.1665,0.0047,0.002,0.0024,1e-05,1790134761.42786
4,2900,22917,80.6,0.9921875,0.0392,0.0376,0.0002,0.0,1e-05,1790134924.6367254
4,2950,22967,80.5,0.9921875,0.0383,0.0042,0.0061,0.0059,1e-05,1790135088.6416888
4,3000,23017,80.5,0.9921875,0.0379,0.0581,0.0055,0.0,1e-05,1790135247.846182
4,3050,23067,80.5,0.87109375,0.5752,0.0801,0.0009,0.0015,1e-05,1790135411.2673347
4,3100,23117,80.5,0.9453125,0.1343,0.0309,0.0196,0.0176,1e-05,1790135573.712904
4,3150,23167,80.5,0.94921875,0.2249,0.0069,0.0187,0.0217,1e-05,1790135735.2716095
4,3200,23217,80.4,0.9375,0.2567,0.1405,0.0001,0.0002,1e-05,1790135898.1471634
4,3250,23267,80.4,0.9765625,0.0616,0.0231,0.0017,0.0013,1e-05,1790136060.4828343
4,3300,23317,80.4,0.9765625,0.0483,0.0113,0.0132,0.0158,1e-05,1790136225.577921
4,3350,23367,80.3,0.98046875,0.0743,0.0288,0.0157,0.0001,1e-05,1790136388.45103
4,3400,23417,80.3,0.953125,0.0974,0.0307,0.0015,0.0004,1e-05,1790136547.7853181
4,3450,23467,80.3,0.93359375,0.3203,0.03,0.001,0.0011,1e-05,1790136709.5270464
4,3500,23517,80.3,0.97265625,0.107,0.0785,0.0315,0.017,1e-05,1790136872.547702
4,3550,23567,80.2,0.98828125,0.0569,0.0241,0.0105,0.0012,1e-05,1790137037.0598419
4,3600,23617,80.2,0.92578125,0.2664,0.0377,0.0044,0.0001,1e-05,1790137202.0231678
4,3650,23667,80.2,0.9609375,0.1762,0.0806,0.0068,0.0075,1e-05,1790137367.592134
4,3700,23717,80.1,0.91796875,0.3064,0.0896,0.0004,0.0001,1e-05,1790137532.4020605
4,3750,23767,80.1,0.98046875,0.1229,0.0358,0.0008,0.0015,1e-05,1790137694.9223592
4,3800,23817,80.1,0.96875,0.1528,0.171,0.1305,0.0001,1e-05,1790137856.3042872
4,3850,23867,80.1,0.90234375,0.5108,0.1715,0.0402,0.0003,1e-05,1790138020.5384605
4,3900,23917,80.1,0.97265625,0.091,0.024,0.0193,0.007,1e-05,1790138184.14867
4,3950,23967,80.1,0.96875,0.0921,0.0331,0.0002,0.0,1e-05,1790138342.4476774
4,4000,24017,80.1,0.9765625,0.0867,0.0111,0.0012,0.0003,1e-05,1790138503.8842652
4,4050,24067,80.0,0.9375,0.24,0.0034,0.0002,0.0001,1e-05,1790138666.87739
4,4100,24117,80.0,0.94921875,0.1629,0.0173,0.0054,0.0115,1e-05,1790138830.4720094
4,4150,24167,80.0,0.9765625,0.0708,0.1013,0.0005,0.0006,1e-05,1790138989.8828235
4,4200,24217,80.0,0.88671875,0.7553,0.0311,0.0014,0.0012,1e-05,1790139149.3645353
4,4250,24267,80.0,0.9609375,0.1894,0.0866,0.0017,0.0014,1e-05,1790139308.814566
4,4300,24317,80.0,0.9375,0.2794,0.0191,0.0027,0.0017,1e-05,1790139468.6005719
4,4350,24367,80.0,0.9375,0.1632,0.0206,0.0007,0.0004,1e-05,1790139626.653873
4,4400,24417,80.0,0.90234375,0.6685,0.0477,0.0109,0.0101,1e-05,1790139792.8311152
4,4450,24467,80.0,0.921875,0.3035,0.0527,0.0531,0.0039,1e-05,1790139955.1349573
4,4500,24517,80.0,0.95703125,0.2,0.076,0.0392,0.0381,1e-05,1790140121.2167075
4,4550,24567,79.9,0.92578125,0.1927,0.0328,0.0002,0.0002,1e-05,1790140282.4891622
4,4600,24617,79.9,0.8984375,0.358,0.055,0.0277,0.0249,1e-05,1790140446.1871154
4,4650,24667,79.9,0.93359375,0.2465,0.0606,0.007,0.0006,1e-05,1790140608.6572425
4,4700,24717,79.9,0.9765625,0.091,0.0277,0.0103,0.0001,1e-05,1790140773.5165238
4,4750,24767,79.9,0.98828125,0.029,0.016,0.0073,0.0001,1e-05,1790140938.1278348
4,4800,24817,79.9,0.9375,0.1911,0.108,0.0111,0.0001,1e-05,1790141101.0678062
4,4850,24867,79.8,0.94921875,0.2159,0.0007,0.0001,0.0001,1e-05,1790141262.74926
4,4900,24917,79.9,0.95703125,0.1334,0.033,0.0079,0.0049,1e-05,1790141421.5488908
4,4950,24967,80.0,0.97265625,0.1069,0.0024,0.0,0.0,1e-05,1790141542.8162475
4,5000,25017,80.4,0.96484375,0.0879,0.02,0.0016,0.0008,1e-05,1790141630.0896
4,5003,25020,80.4,0.97265625,0.0807,0.0,0.0002,0.0,1e-05,1790141634.5387769
